Date,Tournament,Surface,Rd,Rk,vRk,,Score,More,DR,A%,DF%,1stIn,1st%,2nd%,BPSvd,Time,TPW,RPW,vA%,v1st%,v2nd%,BPCnv,TP,Aces,DFs,SP,1SP,2SP,vA
13‑Jan‑2025,Australian Open,Hard,F,1,2,(1)Sinnerd.(2)Alexander Zverev[GER],6-3 7-6(4) 6-3,(ch),1.52,6.3%,2.1%,60.0%,84.2%,63.2%,0/0,2:42,56.3%,36.8%,12.6%,30.8%,50.0%,2/10,190,6,2,95,57,38,12
13‑Jan‑2025,Australian Open,Hard,SF,1,20,(1)Sinnerd.(21)Ben Shelton[USA],7-6(2) 6-2 6-2,(ch),1.56,9.0%,0.0%,57.3%,74.5%,63.2%,5/7,2:36,57.0%,47.5%,5.9%,42.9%,54.2%,6/13,207,8,0,89,51,38,7
13‑Jan‑2025,Australian Open,Hard,QF,1,8,(1)Sinnerd.(8)Alex De Minaur[AUS],6-3 6-2 6-1,(ch),2.80,3.4%,0.0%,64.4%,84.2%,81.0%,1/1,1:48,62.8%,47.4%,2.6%,35.0%,60.5%,6/10,137,2,0,59,38,21,2
13‑Jan‑2025,Australian Open,Hard,R16,1,13,(1)Sinnerd.(13)Holger Rune[DEN],6-3 3-6 6-3 6-2,(ch),1.45,13.3%,5.7%,56.2%,83.1%,58.7%,4/5,3:13,55.8%,40.0%,4.5%,33.8%,50.0%,4/8,215,14,6,105,59,46,5
13‑Jan‑2025,Australian Open,Hard,R32,1,46,(1)Sinnerd.Marcos Giron[USA],6-3 6-4 6-2,(ch),1.54,9.6%,2.4%,60.2%,82.0%,51.5%,6/7,2:01,58.2%,46.3%,2.4%,33.3%,64.7%,5/10,165,8,2,83,50,33,2
13‑Jan‑2025,Australian Open,Hard,R64,1,173,(1)Sinnerd.(WC)Tristan Schoolkate[AUS],4-6 6-4 6-1 6-3,(ch),1.40,14.0%,5.0%,62.0%,77.4%,55.3%,0/1,2:46,54.2%,43.5%,9.4%,28.9%,65.5%,5/13,238,14,5,100,62,38,13
13‑Jan‑2025,Australian Open,Hard,R128,1,36,(1)Sinnerd.Nicolas Jarry[CHI],7-6(2) 7-6(5) 6-1,(ch),1.48,6.9%,1.0%,57.4%,82.8%,69.8%,2/2,2:40,55.8%,33.7%,13.3%,26.8%,51.9%,2/5,199,7,1,101,58,43,13
24‑Nov‑2024,Davis Cup Finals F: ITA vs NED,Hard,RR,1,40,Sinnerd.Tallon Griekspoor[NED],7-6(2) 6-2,(ch),1.40,25.0%,1.7%,73.3%,79.5%,56.3%,2/3,1:31,55.5%,37.3%,10.2%,28.2%,55.0%,3/5,119,15,1,60,44,16,6
23‑Nov‑2024,Davis Cup Finals SF: ITA vs AUS,Hard,RR,1,9,Sinnerd.Alex De Minaur[AUS],6-3 6-4,,1.40,7.0%,0.0%,64.9%,81.1%,45.0%,0/1,1:28,56.0%,44.1%,8.5%,38.2%,52.0%,3/6,116,4,0,57,37,20,5
21‑Nov‑2024,Davis Cup Finals QF: ITA vs ARG,Hard,RR,1,27,Sinnerd.Sebastian Baez[ARG],6-2 6-1,,1.74,12.1%,3.4%,53.4%,71.0%,63.0%,4/4,1:12,62.6%,57.1%,2.0%,54.3%,64.3%,4/9,107,7,2,58,31,27,1
11‑Nov‑2024,Tour Finals,Hard,F,1,5,(1)Sinnerd.(5)Taylor Fritz[USA],6-4 6-4,(ch),1.41,25.0%,0.0%,71.4%,82.5%,62.5%,1/1,1:24,53.8%,32.8%,13.1%,30.4%,40.0%,2/6,117,14,0,56,40,16,8
11‑Nov‑2024,Tour Finals,Hard,SF,1,7,(1)Sinnerd.(6)Casper Ruud[NOR],6-1 6-2,(ch),2.06,19.6%,0.0%,58.7%,81.5%,63.2%,2/2,1:09,64.7%,53.8%,2.6%,36.4%,76.5%,4/7,85,9,0,46,27,19,1
11‑Nov‑2024,Tour Finals,Hard,RR,1,4,(1)Sinnerd.(4)Daniil Medvedev[RUS],6-3 6-4,(ch),1.71,8.2%,0.0%,57.1%,82.1%,71.4%,1/2,1:13,57.4%,38.5%,11.5%,27.3%,57.9%,3/5,101,4,0,49,28,21,6
11‑Nov‑2024,Tour Finals,Hard,RR,1,5,(1)Sinnerd.(5)Taylor Fritz[USA],6-4 6-4,(ch),1.24,9.1%,0.0%,59.1%,76.9%,59.3%,1/1,1:40,53.8%,37.5%,10.9%,21.1%,61.5%,2/6,130,6,0,66,39,27,7
11‑Nov‑2024,Tour Finals,Hard,RR,1,9,(1)Sinnerd.(7)Alex De Minaur[AUS],6-3 6-4,(ch),2.14,16.3%,2.0%,65.3%,81.3%,76.5%,0/1,1:25,60.6%,43.6%,5.5%,33.3%,63.2%,3/7,104,8,1,49,32,17,3
2‑Oct‑2024,Shanghai Masters,Hard,F,1,4,(1)Sinnerd.(4)Novak Djokovic[SRB],7-6(4) 6-3,(ch),1.03,11.9%,0.0%,61.2%,75.6%,65.4%,0/0,1:37,52.0%,29.3%,6.9%,23.7%,40.0%,1/2,125,8,0,67,41,26,4
2‑Oct‑2024,Shanghai Masters,Hard,SF,1,33,(1)Sinnerd.(30)Tomas Machac[CZE],6-4 7-5,(ch),1.33,14.5%,1.4%,66.7%,73.9%,60.9%,2/3,1:43,55.1%,40.6%,7.2%,35.6%,50.0%,3/7,138,10,1,69,46,23,5
2‑Oct‑2024,Shanghai Masters,Hard,QF,1,5,(1)Sinnerd.(5)Daniil Medvedev[RUS],6-1 6-4,(ch),1.94,18.0%,0.0%,66.0%,84.8%,58.8%,1/1,1:24,60.2%,46.6%,5.2%,19.4%,77.8%,3/4,108,9,0,50,33,17,3
2‑Oct‑2024,Shanghai Masters,Hard,R16,1,16,(1)Sinnerd.(14)Ben Shelton[USA],6-4 7-6(1),(ch),1.31,10.6%,0.0%,69.7%,87.0%,65.0%,7/7,1:28,54.8%,25.9%,12.1%,14.0%,60.0%,1/1,124,7,0,66,46,20,7
2‑Oct‑2024,Shanghai Masters,Hard,R32,1,37,(1)Sinnerd.(31)Tomas Martin Etcheverry[ARG],6-7(3) 6-4 6-2,,1.30,13.0%,1.1%,69.6%,78.1%,53.6%,4/5,2:39,54.3%,38.3%,11.7%,16.3%,62.2%,4/13,186,12,1,92,64,28,11
2‑Oct‑2024,Shanghai Masters,Hard,R64,1,93,(1)Sinnerd.Taro Daniel[JPN],6-1 6-4,,1.91,24.5%,2.0%,77.6%,84.2%,45.5%,0/0,1:17,59.3%,46.9%,7.8%,36.4%,70.0%,3/9,113,12,1,49,38,11,5
26‑Sep‑2024,Beijing,Hard,F,1,3,(2)Carlos Alcaraz[ESP]d.(1)Sinner,6-7(6) 6-4 7-6(3),(ch),0.86,4.7%,3.1%,55.0%,66.2%,53.4%,12/15,3:21,47.6%,34.1%,4.9%,27.0%,44.9%,2/6,252,6,4,129,71,58,6
26‑Sep‑2024,Beijing,Hard,SF,1,96,(1)Sinnerd.(WC)Bu Yunchaokete[CHN],6-3 7-6(3),(ch),1.37,14.3%,0.0%,67.5%,73.1%,68.0%,3/3,2:05,55.1%,39.2%,3.8%,31.7%,47.4%,1/9,156,11,0,77,52,25,3
26‑Sep‑2024,Beijing,Hard,QF,1,37,(1)Sinnerd.Jiri Lehecka[CZE],6-2 7-6(6),,1.47,10.4%,4.5%,59.7%,87.5%,55.6%,2/2,1:44,56.0%,37.3%,3.0%,34.5%,39.5%,2/4,134,7,3,67,40,27,2
26‑Sep‑2024,Beijing,Hard,R16,1,69,(1)Sinnerd.(LL)Roman Safiullin[RUS],3-6 6-2 6-3,(ch),1.27,5.2%,3.9%,58.4%,80.0%,46.9%,4/6,2:21,53.5%,43.0%,6.5%,33.3%,54.8%,4/13,170,4,3,77,45,32,6
26‑Sep‑2024,Beijing,Hard,R32,1,28,(1)Sinnerd.Nicolas Jarry[CHI],4-6 6-3 6-1,(ch),1.86,1.5%,1.5%,68.2%,82.2%,66.7%,4/5,1:55,58.3%,42.3%,15.4%,23.1%,80.8%,4/8,144,1,1,66,45,21,12
26‑Aug‑2024,US Open,Hard,F,1,12,(1)Sinnerd.(12)Taylor Fritz[USA],6-3 6-4 7-5,(ch),1.33,7.1%,5.9%,50.6%,88.4%,47.6%,5/7,2:16,54.9%,42.2%,11.1%,32.1%,56.8%,6/12,175,6,5,85,43,42,10
26‑Aug‑2024,US Open,Hard,SF,1,25,(1)Sinnerd.(25)Jack Draper[GBR],7-5 7-6(3) 6-2,(ch),1.78,11.5%,2.1%,64.6%,77.4%,73.5%,3/4,3:03,56.8%,42.7%,6.1%,32.8%,52.2%,4/11,227,11,2,96,62,34,8
26‑Aug‑2024,US Open,Hard,QF,1,5,(1)Sinnerd.(5)Daniil Medvedev[RUS],6-2 1-6 6-1 6-4,(ch),1.42,4.1%,1.0%,52.6%,76.5%,60.9%,6/8,2:39,55.8%,44.0%,4.6%,32.8%,58.3%,5/15,206,4,1,97,51,46,5
26‑Aug‑2024,US Open,Hard,R16,1,14,(1)Sinnerd.(14)Tommy Paul[USA],7-6(3) 7-6(5) 6-1,(ch),1.40,10.2%,1.0%,49.0%,81.3%,56.0%,2/4,2:42,55.5%,44.1%,3.6%,35.8%,56.8%,4/14,209,10,1,98,48,50,4
26‑Aug‑2024,US Open,Hard,R32,1,87,(1)Sinnerd.Christopher Oconnell[AUS],6-1 6-4 6-2,(ch),2.10,21.7%,2.9%,65.2%,82.2%,66.7%,0/0,1:53,61.7%,48.8%,6.3%,42.2%,57.1%,5/10,149,15,2,69,45,24,5
26‑Aug‑2024,US Open,Hard,R64,1,49,(1)Sinnerd.Alex Michelsen[USA],6-4 6-0 6-2,(ch),1.78,4.6%,3.1%,56.9%,81.1%,53.6%,3/5,1:39,61.6%,54.8%,4.1%,34.9%,83.3%,8/16,138,3,2,65,37,28,3
26‑Aug‑2024,US Open,Hard,R128,1,140,(1)Sinnerd.Mackenzie Mcdonald[USA],2-6 6-2 6-1 6-2,(ch),1.38,11.7%,5.3%,55.3%,75.0%,50.0%,7/11,2:24,56.8%,50.0%,4.1%,45.6%,56.1%,8/15,192,11,5,94,52,42,4
12‑Aug‑2024,Cincinnati Masters,Hard,F,1,26,(1)Sinnerd.Frances Tiafoe[USA],7-6(4) 6-2,(ch),2.13,22.4%,3.4%,56.9%,84.8%,76.0%,3/3,1:36,57.0%,40.5%,6.0%,30.4%,52.6%,2/8,142,13,2,58,33,25,5
12‑Aug‑2024,Cincinnati Masters,Hard,SF,1,4,(1)Sinnerd.(3)Alexander Zverev[GER],7-6(9) 5-7 7-6(4),(ch),1.08,10.2%,0.8%,61.9%,69.9%,64.4%,2/5,3:07,50.6%,34.6%,11.8%,28.0%,46.7%,2/4,245,12,1,118,73,45,15
12‑Aug‑2024,Cincinnati Masters,Hard,QF,1,6,(1)Sinnerd.(6)Andrey Rublev[RUS],4-6 7-5 6-4,(ch),1.19,11.1%,5.6%,47.8%,83.7%,42.6%,4/9,2:26,52.4%,45.1%,3.3%,34.7%,60.0%,6/16,212,10,5,90,43,47,4
12‑Aug‑2024,Cincinnati Masters,Hard,R16,1,32,(1)Sinnerd.Jordan Thompson[AUS],W/O,,,,,,,,,,,,,,,,,,,,,,
12‑Aug‑2024,Cincinnati Masters,Hard,R32,1,57,(1)Sinnerd.(Q)Alex Michelsen[USA],6-4 7-5,(ch),1.21,10.8%,4.8%,50.6%,73.8%,61.0%,8/8,1:51,54.1%,39.5%,1.3%,27.3%,56.3%,2/5,159,9,4,83,42,41,1
5‑Aug‑2024,Canada Masters,Hard,QF,1,8,(5)Andrey Rublev[RUS]d.(1)Sinner,6-3 1-6 6-2,(ch),0.96,13.7%,5.5%,58.9%,74.4%,43.3%,4/7,1:47,48.7%,36.7%,5.1%,26.5%,53.3%,2/12,152,10,4,73,43,30,4
5‑Aug‑2024,Canada Masters,Hard,R16,1,21,(1)Sinnerd.(15)Alejandro Tabilo[CHI],6-4 6-3,(ch),1.82,10.4%,6.3%,52.1%,92.0%,60.9%,0/0,1:20,56.5%,41.8%,3.0%,30.8%,57.1%,3/6,115,5,3,48,25,23,2
5‑Aug‑2024,Canada Masters,Hard,R32,1,94,(1)Sinnerd.(Q)Borna Coric[CRO],6-2 6-4,(ch),1.83,17.0%,3.8%,49.1%,84.6%,66.7%,1/1,1:36,58.2%,44.9%,8.7%,26.3%,67.7%,3/11,122,9,2,53,26,27,6
1‑Jul‑2024,Wimbledon,Grass,QF,1,5,(5)Daniil Medvedev[RUS]d.(1)Sinner,6-7(7) 6-4 7-6(4) 2-6 6-3,(ch),1.14,11.3%,2.7%,64.7%,80.4%,52.8%,4/7,4:00,50.6%,33.3%,8.6%,23.5%,54.5%,3/6,324,17,4,150,97,53,15
1‑Jul‑2024,Wimbledon,Grass,R16,1,14,(1)Sinnerd.(14)Ben Shelton[USA],6-2 6-4 7-6(9),(ch),1.51,7.8%,0.0%,70.0%,76.2%,70.4%,1/2,2:09,55.9%,38.5%,15.6%,30.4%,59.3%,4/6,186,7,0,90,63,27,15
1‑Jul‑2024,Wimbledon,Grass,R32,1,52,(1)Sinnerd.Miomir Kecmanovic[SRB],6-1 6-4 6-2,(ch),1.94,15.9%,2.9%,60.9%,85.7%,66.7%,1/1,1:36,60.0%,42.3%,2.8%,26.7%,69.2%,5/7,140,11,2,69,42,27,2
1‑Jul‑2024,Wimbledon,Grass,R64,1,59,(1)Sinnerd.Matteo Berrettini[ITA],7-6(3) 7-6(4) 2-6 7-6(4),(ch),1.29,7.4%,1.5%,65.2%,81.8%,53.2%,3/7,3:42,52.5%,36.4%,17.3%,29.3%,54.3%,2/10,297,10,2,135,88,47,28
1‑Jul‑2024,Wimbledon,Grass,R128,1,110,(1)Sinnerd.Yannick Hanfmann[GER],6-3 6-4 3-6 6-3,(ch),1.16,12.7%,2.4%,57.9%,79.5%,49.1%,9/11,2:58,53.3%,38.6%,10.5%,32.1%,52.8%,4/5,240,16,3,126,73,53,12
17‑Jun‑2024,Halle,Grass,F,1,9,(1)Sinnerd.(5)Hubert Hurkacz[POL],7-6(8) 7-6(2),(ch),2.06,13.9%,1.4%,65.3%,93.6%,68.0%,1/1,1:49,55.3%,31.5%,14.6%,21.2%,60.9%,0/3,161,10,1,72,47,25,13
17‑Jun‑2024,Halle,Grass,SF,1,42,(1)Sinnerd.Zhizhen Zhang[CHN],6-4 7-6(3),(ch),1.38,12.1%,1.5%,65.2%,81.4%,60.9%,1/1,1:39,54.0%,35.6%,12.3%,20.4%,66.7%,1/1,139,8,1,66,43,23,9
17‑Jun‑2024,Halle,Grass,QF,1,41,(1)Sinnerd.Jan Lennard Struff[GER],6-2 6-7(1) 7-6(3),,1.33,14.4%,3.1%,66.0%,85.9%,51.5%,1/1,2:30,51.8%,34.4%,14.4%,27.5%,46.7%,2/18,222,14,3,97,64,33,18
17‑Jun‑2024,Halle,Grass,R16,1,45,(1)Sinnerd.Fabian Marozsan[HUN],6-4 6-7(4) 6-3,,1.19,12.9%,2.2%,64.5%,75.0%,51.5%,0/2,2:15,52.3%,39.6%,8.5%,34.3%,48.7%,4/15,199,12,2,93,60,33,9
17‑Jun‑2024,Halle,Grass,R32,1,27,(1)Sinnerd.Tallon Griekspoor[NED],6-7(8) 6-3 6-2,,1.41,16.1%,2.2%,66.7%,79.0%,64.5%,4/4,2:22,54.4%,36.3%,10.8%,32.8%,42.1%,3/4,195,15,2,93,62,31,11
27‑May‑2024,Roland Garros,Clay,SF,2,3,(3)Carlos Alcaraz[ESP]d.(2)Sinner,2-6 6-3 3-6 6-4 6-3,(ch),1.06,5.2%,5.9%,56.3%,73.7%,45.8%,8/14,,50.3%,40.8%,5.1%,34.0%,53.7%,6/10,292,7,8,135,76,59,8
27‑May‑2024,Roland Garros,Clay,QF,2,10,(2)Sinnerd.(10)Grigor Dimitrov[BUL],6-2 6-4 7-6(3),(ch),1.61,9.0%,0.0%,59.6%,81.1%,63.9%,1/2,,56.4%,41.5%,4.7%,32.8%,56.4%,4/10,195,8,0,89,53,36,5
27‑May‑2024,Roland Garros,Clay,R16,2,79,(2)Sinnerd.Corentin Moutet[FRA],2-6 6-3 6-2 6-1,(ch),1.39,5.3%,5.3%,65.3%,72.6%,42.4%,2/6,,57.2%,52.5%,1.0%,45.1%,71.4%,8/14,194,5,5,95,62,33,1
27‑May‑2024,Roland Garros,Clay,R32,2,56,(2)Sinnerd.Pavel Kotov[RUS],6-4 6-4 6-4,(ch),1.49,4.8%,1.2%,62.7%,78.8%,67.7%,1/1,,54.3%,37.6%,1.0%,28.8%,54.3%,3/13,184,4,1,83,52,31,1
27‑May‑2024,Roland Garros,Clay,R64,2,124,(2)Sinnerd.(WC)Richard Gasquet[FRA],6-4 6-2 6-4,(ch),1.69,10.5%,3.9%,76.3%,79.3%,50.0%,1/2,,58.3%,46.7%,0.0%,37.8%,55.3%,5/7,168,8,3,76,58,18,0
27‑May‑2024,Roland Garros,Clay,R128,2,46,(2)Sinnerd.Christopher Eubanks[USA],6-3 6-3 6-4,(ch),1.45,6.7%,4.5%,60.7%,77.8%,51.4%,9/10,,57.1%,47.3%,4.3%,37.5%,62.2%,5/10,182,6,4,89,54,35,4
22‑Apr‑2024,Madrid Masters,Clay,QF,2,35,Felix Auger Aliassime[CAN]d.(1)Sinner,W/O,,,,,,,,,,,,,,,,,,,,,,
22‑Apr‑2024,Madrid Masters,Clay,R16,2,17,(1)Sinnerd.(16)Karen Khachanov[RUS],5-7 6-3 6-3,(ch),1.18,5.9%,3.5%,69.4%,79.7%,53.8%,5/6,2:10,52.7%,33.3%,9.5%,32.8%,34.6%,3/3,169,5,3,85,59,26,8
22‑Apr‑2024,Madrid Masters,Clay,R32,2,72,(1)Sinnerd.Pavel Kotov[RUS],6-2 7-5,,1.33,5.3%,0.0%,66.7%,71.1%,47.4%,3/6,1:38,55.9%,49.2%,0.0%,47.1%,51.9%,6/13,118,3,0,57,38,19,0
22‑Apr‑2024,Madrid Masters,Clay,R64,2,52,(1)Sinnerd.Lorenzo Sonego[ITA],6-0 6-3,(ch),2.44,4.8%,0.0%,69.0%,86.2%,61.5%,0/0,1:09,65.1%,52.3%,2.3%,46.2%,61.1%,4/7,86,2,0,42,29,13,1
8‑Apr‑2024,Monte Carlo Masters,Clay,SF,2,12,(12)Stefanos Tsitsipas[GRE]d.(2)Sinner,6-4 3-6 6-4,(ch),0.89,1.0%,2.0%,57.8%,74.6%,46.5%,12/15,2:40,49.5%,33.3%,8.3%,30.0%,38.2%,2/5,186,1,2,102,59,43,7
8‑Apr‑2024,Monte Carlo Masters,Clay,QF,2,7,(2)Sinnerd.(7)Holger Rune[DEN],6-4 6-7(6) 6-3,(ch),1.60,5.6%,2.2%,58.9%,86.8%,67.6%,2/2,2:40,55.7%,33.7%,6.3%,18.0%,51.1%,2/8,185,5,2,90,53,37,6
8‑Apr‑2024,Monte Carlo Masters,Clay,R16,2,25,(2)Sinnerd.Jan Lennard Struff[GER],6-4 6-2,(ch),1.99,6.5%,0.0%,56.5%,84.6%,65.0%,0/1,1:16,59.6%,47.6%,6.3%,39.3%,54.3%,4/8,109,3,0,46,26,20,4
8‑Apr‑2024,Monte Carlo Masters,Clay,R32,2,27,(2)Sinnerd.Sebastian Korda[USA],6-1 6-2,(ch),2.08,4.7%,2.3%,48.8%,95.2%,54.5%,3/3,1:15,61.9%,53.2%,3.2%,50.0%,56.7%,5/12,105,2,1,43,21,22,2
18‑Mar‑2024,Miami Masters,Hard,F,3,12,(2)Sinnerd.(11)Grigor Dimitrov[BUL],6-3 6-1,(ch),1.89,9.3%,2.3%,55.8%,87.5%,63.2%,1/1,1:13,59.1%,44.0%,12.0%,40.6%,50.0%,4/8,93,4,1,43,24,19,6
18‑Mar‑2024,Miami Masters,Hard,SF,3,4,(2)Sinnerd.(3)Daniil Medvedev[RUS],6-1 6-2,(ch),1.88,14.9%,2.1%,63.8%,80.0%,58.8%,3/3,1:09,61.9%,52.0%,6.0%,46.9%,61.1%,4/9,97,7,1,47,30,17,3
18‑Mar‑2024,Miami Masters,Hard,QF,3,60,(2)Sinnerd.Tomas Machac[CZE],6-4 6-2,(ch),1.69,6.0%,4.0%,60.0%,76.7%,65.0%,0/1,1:31,57.4%,47.2%,2.8%,36.8%,58.8%,4/11,122,3,2,50,30,20,2
18‑Mar‑2024,Miami Masters,Hard,R16,3,66,(2)Sinnerd.Christopher Oconnell[AUS],6-4 6-3,(ch),1.74,3.7%,3.7%,61.1%,75.8%,71.4%,3/4,1:51,57.6%,45.1%,7.0%,35.0%,58.1%,3/6,125,2,2,54,33,21,5
18‑Mar‑2024,Miami Masters,Hard,R32,3,26,(2)Sinnerd.(25)Tallon Griekspoor[NED],5-7 7-5 6-1,(ch),2.27,20.0%,1.3%,68.0%,90.2%,66.7%,1/2,2:23,56.7%,39.3%,9.8%,33.8%,53.1%,3/9,187,15,1,75,51,24,11
18‑Mar‑2024,Miami Masters,Hard,R64,3,148,(2)Sinnerd.(Q)Andrea Vavassori[ITA],6-3 6-4,(ch),1.53,5.8%,5.8%,69.2%,91.7%,43.8%,0/0,1:20,56.3%,35.3%,13.7%,33.3%,38.9%,2/4,103,3,3,52,36,16,7
4‑Mar‑2024,Indian Wells Masters,Hard,SF,3,2,(2)Carlos Alcaraz[ESP]d.(3)Sinner,1-6 6-3 6-2,(ch),0.92,1.4%,2.7%,62.2%,65.2%,53.6%,3/6,2:05,48.6%,36.1%,0.0%,29.8%,48.0%,2/4,146,1,2,74,46,28,0
4‑Mar‑2024,Indian Wells Masters,Hard,QF,3,32,(3)Sinnerd.(32)Jiri Lehecka[CZE],6-3 6-3,(ch),1.74,5.9%,3.9%,52.9%,85.2%,62.5%,1/1,1:24,57.0%,44.3%,7.1%,31.9%,69.6%,3/11,121,3,2,51,27,24,5
4‑Mar‑2024,Indian Wells Masters,Hard,R16,3,16,(3)Sinnerd.(16)Ben Shelton[USA],7-6(4) 6-1,(ch),1.70,4.6%,1.5%,67.7%,77.3%,61.9%,4/5,1:38,59.3%,47.1%,5.7%,42.6%,56.5%,3/9,135,3,1,65,44,21,4
4‑Mar‑2024,Indian Wells Masters,Hard,R32,3,25,(3)Sinnerd.(25)Jan Lennard Struff[GER],6-3 6-4,(ch),1.88,13.5%,3.8%,67.3%,82.9%,76.5%,3/3,1:14,57.3%,36.2%,5.2%,27.5%,55.6%,2/4,110,7,2,52,35,17,3
4‑Mar‑2024,Indian Wells Masters,Hard,R64,3,99,(3)Sinnerd.Thanasi Kokkinakis[AUS],6-3 6-0,(ch),2.14,6.4%,0.0%,61.7%,75.9%,72.2%,1/1,1:21,64.8%,54.5%,15.9%,42.3%,72.2%,4/6,91,3,0,47,29,18,7
12‑Feb‑2024,Rotterdam,Hard,F,4,11,(1)Sinnerd.(5)Alex De Minaur[AUS],7-5 6-4,(ch),1.03,4.9%,1.2%,55.6%,77.8%,38.9%,4/6,2:05,51.0%,40.5%,13.5%,37.0%,46.4%,4/8,155,4,1,81,45,36,10
12‑Feb‑2024,Rotterdam,Hard,SF,4,29,(1)Sinnerd.Tallon Griekspoor[NED],6-2 6-4,,1.36,12.3%,1.8%,64.9%,81.1%,55.0%,6/6,1:21,56.7%,38.3%,6.4%,27.6%,55.6%,3/4,104,7,1,57,37,20,3
12‑Feb‑2024,Rotterdam,Hard,QF,4,309,(1)Sinnerd.(PR)Milos Raonic[CAN],7-6(4) 1-1 RET,,0.89,6.7%,0.0%,71.1%,81.3%,53.8%,3/4,1:05,50.6%,23.7%,28.9%,20.7%,33.3%,1/1,83,3,0,45,32,13,11
12‑Feb‑2024,Rotterdam,Hard,R16,4,70,(1)Sinnerd.(WC)Gael Monfils[FRA],6-3 3-6 6-3,,1.45,4.2%,2.8%,68.1%,75.5%,73.9%,0/1,1:52,54.6%,36.3%,7.5%,29.8%,45.5%,2/5,152,3,2,72,49,23,6
12‑Feb‑2024,Rotterdam,Hard,R32,4,66,(1)Sinnerd.Botic Van De Zandschulp[NED],6-3 6-3,(ch),2.05,8.5%,4.3%,68.1%,87.5%,60.0%,3/3,1:26,57.6%,43.7%,7.0%,30.4%,68.0%,3/8,118,4,2,47,32,15,5
15‑Jan‑2024,Australian Open,Hard,F,4,3,(4)Sinnerd.(3)Daniil Medvedev[RUS],3-6 3-6 6-4 6-4 6-3,(ch),0.99,9.7%,3.5%,61.1%,73.9%,53.6%,8/12,3:44,50.2%,33.8%,7.9%,24.2%,54.5%,4/9,283,14,5,144,88,56,11
15‑Jan‑2024,Australian Open,Hard,SF,4,1,(4)Sinnerd.(1)Novak Djokovic[SRB],6-1 6-2 6-7(6) 6-3,(ch),1.56,8.2%,0.9%,58.2%,82.8%,63.0%,0/0,3:22,56.6%,39.7%,6.0%,32.9%,54.1%,5/11,226,9,1,110,64,46,7
15‑Jan‑2024,Australian Open,Hard,QF,4,5,(4)Sinnerd.(5)Andrey Rublev[RUS],6-4 7-6(5) 6-3,(ch),1.10,8.5%,2.6%,64.1%,76.0%,52.4%,8/8,2:39,52.8%,35.6%,9.9%,23.9%,63.3%,2/7,218,10,3,117,75,42,10
15‑Jan‑2024,Australian Open,Hard,R16,4,15,(4)Sinnerd.(15)Karen Khachanov[RUS],6-4 7-5 6-3,(ch),1.31,8.2%,3.1%,53.6%,78.8%,57.8%,9/10,2:34,55.3%,40.7%,7.7%,34.4%,53.3%,5/8,188,8,3,97,52,45,7
15‑Jan‑2024,Australian Open,Hard,R32,4,29,(4)Sinnerd.(26)Sebastian Baez[ARG],6-0 6-1 6-3,(ch),1.72,8.6%,0.0%,64.3%,77.8%,52.0%,4/4,1:52,61.1%,54.1%,2.7%,46.3%,75.0%,7/12,144,6,0,70,45,25,2
15‑Jan‑2024,Australian Open,Hard,R64,4,161,(4)Sinnerd.(Q)Jesper De Jong[NED],6-2 6-2 6-2,(ch),2.83,12.1%,1.7%,63.8%,86.5%,76.2%,0/0,1:43,63.0%,48.8%,7.5%,42.0%,60.0%,6/12,138,7,1,58,37,21,6
15‑Jan‑2024,Australian Open,Hard,R128,4,59,(4)Sinnerd.Botic Van De Zandschulp[NED],6-4 7-5 6-3,(ch),1.33,8.0%,2.3%,58.0%,68.6%,64.9%,5/6,2:34,54.4%,43.9%,7.5%,34.8%,60.5%,5/15,195,7,2,88,51,37,8
26‑Nov‑2023,Davis Cup Finals F: AUS vs ITA,Hard,RR,4,12,Sinnerd.Alex De Minaur[AUS],6-3 6-0,(ch),1.58,10.4%,2.1%,70.8%,73.5%,50.0%,1/1,,59.0%,52.6%,3.5%,45.5%,62.5%,5/10,105,5,1,48,34,14,2
25‑Nov‑2023,Davis Cup Finals SF: ITA vs SRB,Hard,RR,4,1,Sinnerd.Novak Djokovic[SRB],6-2 2-6 7-5,,0.82,11.4%,4.8%,63.8%,71.6%,44.7%,7/9,,48.9%,31.2%,7.8%,23.9%,41.9%,3/4,182,12,5,105,67,38,6
23‑Nov‑2023,Davis Cup Finals QF: ITA vs NED,Hard,RR,4,23,Sinnerd.Tallon Griekspoor[NED],7-6(3) 6-1,,3.19,18.0%,2.0%,64.0%,90.6%,83.3%,0/0,,60.9%,38.3%,11.7%,38.1%,38.9%,2/5,110,9,1,50,32,18,7
13‑Nov‑2023,Tour Finals,Hard,F,4,1,(1)Novak Djokovic[SRB]d.(4)Sinner,6-3 6-3,(ch),0.38,10.8%,1.4%,66.2%,57.1%,48.0%,5/8,1:43,40.0%,17.4%,28.3%,9.4%,35.7%,0/2,120,8,1,74,49,25,13
13‑Nov‑2023,Tour Finals,Hard,SF,4,3,(4)Sinnerd.(3)Daniil Medvedev[RUS],6-3 6-7(4) 6-1,(ch),1.15,9.6%,1.9%,57.7%,83.3%,47.7%,2/2,2:29,53.6%,36.4%,11.4%,20.0%,63.6%,3/7,192,10,2,104,60,44,10
13‑Nov‑2023,Tour Finals,Hard,RR,4,1,(4)Sinnerd.(1)Novak Djokovic[SRB],7-5 6-7(5) 7-6(2),(ch),0.89,12.7%,1.7%,60.2%,78.9%,55.3%,2/3,3:09,50.0%,27.0%,20.0%,19.0%,40.5%,2/3,218,15,2,118,71,47,20
13‑Nov‑2023,Tour Finals,Hard,RR,4,6,(4)Sinnerd.Stefanos Tsitsipas[GRE],6-4 6-4,(ch),1.76,17.6%,3.9%,70.6%,88.9%,60.0%,0/0,1:25,55.4%,34.4%,9.8%,29.7%,41.7%,2/5,112,9,2,51,36,15,6
13‑Nov‑2023,Tour Finals,Hard,RR,4,8,(4)Sinnerd.(8)Holger Rune[DEN],6-2 5-7 6-4,,1.51,13.1%,0.0%,58.3%,83.7%,60.0%,4/5,2:32,54.4%,39.4%,13.8%,28.6%,59.0%,3/10,193,11,0,84,49,35,15
30‑Oct‑2023,Paris Masters,Hard,R16,4,13,(13)Alex De Minaur[AUS]d.(4)Sinner,W/O,,,,,,,,,,,,,,,,,,,,,,
30‑Oct‑2023,Paris Masters,Hard,R32,4,42,(4)Sinnerd.Mackenzie Mcdonald[USA],6-7(6) 7-5 6-1,(ch),1.65,4.8%,2.4%,57.8%,85.4%,65.7%,0/1,2:16,56.6%,37.8%,8.9%,36.7%,40.0%,4/8,173,4,2,83,48,35,8
23‑Oct‑2023,Vienna,Hard,F,4,3,(2)Sinnerd.(1)Daniil Medvedev[RUS],7-6(7) 4-6 6-3,(ch),1.08,4.2%,0.0%,72.9%,64.0%,50.0%,9/13,3:06,51.2%,43.2%,9.8%,35.2%,59.1%,4/16,250,5,0,118,86,32,13
23‑Oct‑2023,Vienna,Hard,SF,4,5,(2)Sinnerd.(3)Andrey Rublev[RUS],7-5 7-6(5),,1.31,13.7%,5.5%,61.6%,82.2%,53.6%,4/6,1:49,54.0%,37.7%,5.2%,29.1%,59.1%,3/5,150,10,4,73,45,28,4
23‑Oct‑2023,Vienna,Hard,QF,4,14,(2)Sinnerd.(7)Frances Tiafoe[USA],6-3 6-4,,1.96,9.1%,1.8%,69.1%,84.2%,70.6%,3/3,1:19,59.5%,39.3%,10.7%,35.5%,44.0%,2/4,111,5,1,55,38,17,6
23‑Oct‑2023,Vienna,Hard,R16,4,52,(2)Sinnerd.(LL)Lorenzo Sonego[ITA],6-2 6-4,,1.49,1.7%,0.0%,82.8%,72.9%,60.0%,2/2,1:33,56.6%,43.8%,9.4%,39.0%,52.2%,3/7,122,1,0,58,48,10,6
23‑Oct‑2023,Vienna,Hard,R32,4,15,(2)Sinnerd.Ben Shelton[USA],7-6(2) 7-5,(ch),1.46,11.3%,1.4%,80.3%,84.2%,57.1%,4/4,1:44,53.7%,30.8%,14.1%,13.6%,52.9%,1/5,149,8,1,71,57,14,11
2‑Oct‑2023,Shanghai Masters,Hard,R16,4,20,(19)Ben Shelton[USA]d.(6)Sinner,2-6 6-3 7-6(5),,0.96,8.2%,1.0%,73.2%,69.0%,53.8%,9/10,2:30,49.0%,33.7%,14.9%,27.0%,51.9%,2/5,198,8,1,97,71,26,15
2‑Oct‑2023,Shanghai Masters,Hard,R32,4,29,(6)Sinnerd.(25)Sebastian Baez[ARG],3-6 6-3 6-2,(ch),1.18,9.4%,0.0%,57.6%,81.6%,50.0%,3/4,1:59,54.1%,37.5%,6.9%,30.8%,55.0%,3/4,157,8,0,85,49,36,5
2‑Oct‑2023,Shanghai Masters,Hard,R64,4,80,(6)Sinnerd.Marcos Giron[USA],7-6(7) 6-2,,1.70,6.6%,3.3%,70.5%,79.1%,55.6%,1/3,1:45,58.3%,47.4%,2.6%,29.5%,70.6%,4/8,139,4,2,61,43,18,2
27‑Sep‑2023,Beijing,Hard,F,7,3,(6)Sinnerd.(2)Daniil Medvedev[RUS],7-6(2) 7-6(2),(ch),1.44,4.0%,0.0%,68.0%,82.4%,70.8%,1/1,2:01,54.2%,30.8%,7.7%,24.6%,47.6%,0/5,153,3,0,75,51,24,6
27‑Sep‑2023,Beijing,Hard,SF,7,2,(6)Sinnerd.(1)Carlos Alcaraz[ESP],7-6(4) 6-1,(ch),1.19,1.3%,0.0%,58.7%,65.9%,48.4%,7/9,1:55,54.3%,49.2%,6.3%,40.0%,72.2%,5/8,138,1,0,75,44,31,4
27‑Sep‑2023,Beijing,Hard,QF,7,19,(6)Sinnerd.Grigor Dimitrov[BUL],6-4 3-6 6-2,,1.16,3.5%,1.2%,58.8%,68.0%,65.7%,7/8,2:31,51.6%,38.1%,2.1%,29.8%,50.0%,3/15,182,3,1,85,50,35,2
27‑Sep‑2023,Beijing,Hard,R16,7,38,(6)Sinnerd.(SE)Yoshihito Nishioka[JPN],6-2 6-0,,1.95,18.6%,2.3%,48.8%,90.5%,50.0%,1/2,1:07,63.8%,58.8%,0.0%,60.6%,55.6%,6/11,94,8,1,43,21,22,0
27‑Sep‑2023,Beijing,Hard,R32,7,33,(6)Sinnerd.Daniel Evans[GBR],6-4 6-7(2) 6-3,,1.11,11.0%,2.0%,55.0%,67.3%,62.2%,2/4,2:50,52.0%,39.0%,2.0%,36.0%,42.0%,4/6,200,11,2,100,55,45,2
28‑Aug‑2023,US Open,Hard,R16,6,12,(12)Alexander Zverev[GER]d.(6)Sinner,6-4 3-6 6-2 4-6 6-3,(ch),0.91,7.5%,4.4%,53.8%,68.6%,50.0%,8/14,4:41,48.1%,36.4%,9.9%,30.1%,51.0%,4/12,322,12,7,160,86,74,16
28‑Aug‑2023,US Open,Hard,R32,6,49,(6)Sinnerd.Stan Wawrinka[SUI],6-3 2-6 6-4 6-2,(ch),1.11,9.7%,4.0%,58.9%,72.6%,45.1%,9/12,2:58,52.8%,43.0%,7.5%,39.6%,46.3%,5/13,231,12,5,124,73,51,8
28‑Aug‑2023,US Open,Hard,R64,6,39,(6)Sinnerd.Lorenzo Sonego[ITA],6-4 6-2 6-4,,2.60,6.1%,1.5%,54.5%,88.9%,80.0%,0/0,2:05,58.7%,39.3%,4.5%,36.8%,43.8%,4/8,155,4,1,66,36,30,4
28‑Aug‑2023,US Open,Hard,R128,6,54,(6)Sinnerd.Yannick Hanfmann[GER],6-3 6-1 6-1,,1.68,6.8%,4.1%,55.4%,78.0%,60.6%,4/4,2:18,58.6%,50.0%,7.0%,42.9%,62.2%,6/15,174,5,3,74,41,33,7
14‑Aug‑2023,Cincinnati Masters,Hard,R32,6,66,(Q)Dusan Lajovic[SRB]d.(8)Sinner,6-4 7-6(4),,0.88,7.5%,0.0%,51.2%,73.2%,56.4%,3/4,2:04,47.8%,30.9%,4.9%,24.1%,47.8%,0/5,161,6,0,80,41,39,4
7‑Aug‑2023,Canada Masters,Hard,F,8,18,(7)Sinnerd.Alex De Minaur[AUS],6-4 6-1,(ch),1.64,9.6%,5.8%,50.0%,73.1%,57.7%,2/4,1:29,61.0%,56.6%,1.9%,53.6%,60.0%,5/10,105,5,3,52,26,26,1
7‑Aug‑2023,Canada Masters,Hard,SF,8,14,(7)Sinnerd.(12)Tommy Paul[USA],6-4 6-4,(ch),1.13,5.7%,4.3%,45.7%,78.1%,42.1%,8/11,1:56,53.0%,46.9%,4.7%,39.5%,61.9%,5/10,134,4,3,70,32,38,3
7‑Aug‑2023,Canada Masters,Hard,QF,8,276,(7)Sinnerd.(PR)Gael Monfils[FRA],6-4 4-6 6-3,(ch),1.02,5.6%,3.4%,49.4%,81.8%,46.7%,0/2,2:22,50.6%,36.8%,21.8%,19.6%,61.1%,3/4,176,5,3,89,44,45,19
7‑Aug‑2023,Canada Masters,Hard,R16,8,40,(7)Sinnerd.Andy Murray[GBR],W/O,,,,,,,,,,,,,,,,,,,,,,
7‑Aug‑2023,Canada Masters,Hard,R32,8,38,(7)Sinnerd.Matteo Berrettini[ITA],6-4 6-3,(ch),1.19,15.9%,3.2%,65.1%,82.9%,54.5%,7/7,1:30,54.9%,32.0%,20.0%,21.2%,52.9%,2/4,113,10,2,63,41,22,10
3‑Jul‑2023,Wimbledon,Grass,SF,8,2,(2)Novak Djokovic[SRB]d.(8)Sinner,6-3 6-4 7-6(4),(ch),0.97,8.9%,3.3%,60.0%,75.9%,55.6%,7/9,2:47,47.5%,31.3%,9.8%,24.6%,40.4%,0/6,202,8,3,90,54,36,11
3‑Jul‑2023,Wimbledon,Grass,QF,8,92,(8)Sinnerd.Roman Safiullin[RUS],6-4 3-6 6-2 6-2,(ch),1.57,15.9%,2.3%,54.5%,89.6%,55.0%,3/5,2:14,56.0%,41.0%,7.6%,40.0%,42.5%,6/12,193,14,2,88,48,40,8
3‑Jul‑2023,Wimbledon,Grass,R16,8,85,(8)Sinnerd.Daniel Elahi Galan[COL],7-6(4) 6-4 6-3,(ch),1.86,13.6%,1.1%,54.5%,85.4%,70.0%,4/5,2:37,55.8%,40.2%,9.4%,26.6%,62.5%,3/20,215,12,1,88,48,40,12
3‑Jul‑2023,Wimbledon,Grass,R32,8,79,(8)Sinnerd.Quentin Halys[FRA],3-6 6-2 6-3 6-4,(ch),1.39,9.2%,8.2%,49.0%,83.3%,62.0%,2/4,2:25,54.0%,38.3%,12.2%,24.6%,53.7%,5/11,213,9,8,98,48,50,14
3‑Jul‑2023,Wimbledon,Grass,R64,8,98,(8)Sinnerd.Diego Schwartzman[ARG],7-5 6-1 6-2,(ch),1.62,18.1%,1.2%,56.6%,80.9%,58.3%,4/5,2:02,59.1%,46.9%,1.2%,41.4%,60.9%,6/10,164,15,1,83,47,36,1
3‑Jul‑2023,Wimbledon,Grass,R128,8,111,(8)Sinnerd.Juan Manuel Cerundolo[ARG],6-2 6-2 6-2,(ch),3.19,12.1%,0.0%,69.0%,82.5%,88.9%,2/2,1:30,63.4%,49.4%,5.7%,44.4%,57.6%,6/13,145,7,0,58,40,18,5
19‑Jun‑2023,Halle,Grass,QF,9,48,Alexander Bublik[KAZ]d.(4)Sinner,7-5 2-0 RET,(ch),0.63,5.4%,5.4%,59.5%,63.6%,40.0%,0/3,0:57,41.3%,28.9%,15.8%,19.2%,50.0%,1/1,75,2,2,37,22,15,6
19‑Jun‑2023,Halle,Grass,R16,9,39,(4)Sinnerd.Lorenzo Sonego[ITA],6-7(4) 6-4 6-4,(ch),1.18,9.4%,2.8%,61.3%,81.5%,53.7%,8/8,2:52,52.3%,34.5%,7.3%,29.2%,44.7%,2/11,216,10,3,106,65,41,8
19‑Jun‑2023,Halle,Grass,R32,9,49,(4)Sinnerd.Richard Gasquet[FRA],6-3 5-7 6-2,(ch),1.30,11.8%,2.2%,51.6%,79.2%,53.3%,4/5,2:28,53.5%,43.4%,3.3%,36.7%,55.8%,3/20,215,11,2,93,48,45,4
12‑Jun‑2023,s Hertogenbosch,Grass,QF,9,42,Emil Ruusuvuori[FIN]d.(2)Sinner,6-3 6-4,(ch),0.57,5.3%,1.8%,66.7%,63.2%,52.6%,2/4,1:20,42.2%,23.1%,3.8%,0.0%,52.2%,0/0,109,3,1,57,38,19,2
12‑Jun‑2023,s Hertogenbosch,Grass,R16,9,47,(2)Sinnerd.Alexander Bublik[KAZ],6-4 6-2,(ch),1.86,16.3%,0.0%,65.3%,84.4%,58.8%,1/1,1:23,57.1%,45.5%,11.7%,35.6%,59.4%,3/12,126,8,0,49,32,17,9
29‑May‑2023,Roland Garros,Clay,R64,9,79,Daniel Altmaier[GER]d.(8)Sinner,6-7(0) 7-6(7) 1-6 7-6(4) 7-5,(ch),1.06,5.9%,1.6%,58.8%,70.0%,54.5%,4/9,5:26,50.6%,38.7%,4.9%,31.0%,56.5%,6/21,391,11,3,187,110,77,10
29‑May‑2023,Roland Garros,Clay,R128,9,101,(8)Sinnerd.Alexandre Muller[FRA],6-1 6-4 6-1,(ch),1.84,7.1%,2.9%,57.1%,82.5%,60.0%,2/2,1:46,61.4%,50.0%,4.3%,48.8%,51.9%,6/10,140,5,2,70,40,30,3
8‑May‑2023,Rome Masters,Clay,R16,8,31,(24)Francisco Cerundolo[ARG]d.(8)Sinner,6-7(3) 6-2 6-2,(ch),0.78,2.3%,0.0%,69.0%,60.0%,40.7%,7/14,2:25,44.7%,35.9%,2.2%,29.6%,44.7%,3/8,179,2,0,87,60,27,2
8‑May‑2023,Rome Masters,Clay,R32,8,93,(8)Sinnerd.(LL)Alexander Shevchenko[KAZ],6-3 6-7(4) 6-2,(ch),1.34,1.2%,1.2%,59.3%,70.8%,60.6%,6/8,2:12,54.8%,44.8%,4.2%,45.0%,44.4%,6/9,177,1,1,81,48,33,4
8‑May‑2023,Rome Masters,Clay,R64,8,104,(8)Sinnerd.(Q)Thanasi Kokkinakis[AUS],6-1 6-4,(ch),5.84,5.1%,0.0%,66.7%,96.2%,84.6%,0/0,1:18,65.9%,44.9%,6.1%,34.5%,60.0%,3/5,88,2,0,39,26,13,3
17‑Apr‑2023,Barcelona,Clay,QF,8,20,(9)Lorenzo Musetti[ITA]d.(4)Sinner,W/O,,,,,,,,,,,,,,,,,,,,,,
17‑Apr‑2023,Barcelona,Clay,R16,8,35,(4)Sinnerd.(16)Yoshihito Nishioka[JPN],6-1 4-6 6-3,,1.31,5.5%,2.7%,43.8%,75.0%,46.3%,4/9,2:08,56.0%,53.8%,0.0%,50.0%,59.0%,8/16,166,4,2,73,32,41,0
17‑Apr‑2023,Barcelona,Clay,R32,8,48,(4)Sinnerd.Diego Schwartzman[ARG],6-2 6-4,,1.42,1.7%,3.3%,60.0%,55.6%,66.7%,5/8,1:40,58.3%,56.7%,1.7%,52.9%,61.5%,6/9,120,1,2,60,36,24,1
10‑Apr‑2023,Monte Carlo Masters,Clay,SF,8,9,(6)Holger Rune[DEN]d.(7)Sinner,1-6 7-5 7-5,(ch),0.96,0.0%,4.3%,56.0%,64.6%,56.9%,11/14,2:46,51.0%,37.2%,4.7%,32.1%,46.7%,3/7,202,0,5,116,65,51,4
10‑Apr‑2023,Monte Carlo Masters,Clay,QF,8,21,(7)Sinnerd.(16)Lorenzo Musetti[ITA],6-2 6-2,(ch),1.69,1.8%,0.0%,56.4%,77.4%,58.3%,5/5,1:15,61.9%,52.4%,2.4%,36.0%,76.5%,4/6,97,1,0,55,31,24,1
10‑Apr‑2023,Monte Carlo Masters,Clay,R16,8,13,(7)Sinnerd.(10)Hubert Hurkacz[POL],3-6 7-6(6) 6-1,(ch),1.28,3.4%,3.4%,58.4%,75.0%,56.8%,6/8,2:27,52.9%,41.7%,13.0%,16.7%,69.1%,4/12,204,3,3,89,52,37,15
10‑Apr‑2023,Monte Carlo Masters,Clay,R32,8,37,(7)Sinnerd.Diego Schwartzman[ARG],6-0 3-1 RET,(ch),3.85,8.0%,8.0%,48.0%,83.3%,76.9%,0/0,0:42,78.4%,76.9%,0.0%,71.4%,83.3%,4/4,51,2,2,25,12,13,0
20‑Mar‑2023,Miami Masters,Hard,F,11,5,(4)Daniil Medvedev[RUS]d.(10)Sinner,7-5 6-3,(ch),0.63,9.5%,0.0%,55.6%,68.6%,32.1%,2/6,1:34,41.3%,30.2%,14.3%,13.5%,53.8%,2/6,126,6,0,63,35,28,9
20‑Mar‑2023,Miami Masters,Hard,SF,11,1,(10)Sinnerd.(1)Carlos Alcaraz[ESP],6-7(4) 6-4 6-2,(ch),1.24,7.7%,3.8%,63.5%,68.2%,55.3%,9/12,3:01,53.9%,45.1%,4.4%,33.9%,58.8%,6/12,217,8,4,104,66,38,5
20‑Mar‑2023,Miami Masters,Hard,QF,11,54,(10)Sinnerd.Emil Ruusuvuori[FIN],6-3 6-1,(ch),2.21,9.5%,4.8%,52.4%,95.5%,60.0%,1/1,1:14,60.8%,47.3%,3.6%,34.3%,70.0%,4/6,97,4,2,42,22,20,2
20‑Mar‑2023,Miami Masters,Hard,R16,11,7,(10)Sinnerd.(6)Andrey Rublev[RUS],6-2 6-4,(ch),1.81,17.4%,0.0%,60.9%,85.7%,66.7%,0/0,1:12,56.9%,39.3%,10.7%,26.8%,73.3%,3/5,102,8,0,46,28,18,6
20‑Mar‑2023,Miami Masters,Hard,R32,11,27,(10)Sinnerd.(21)Grigor Dimitrov[BUL],6-3 6-4,(ch),1.22,3.8%,1.9%,60.4%,68.8%,47.6%,1/3,1:27,54.1%,48.3%,1.7%,28.1%,73.1%,5/11,111,2,1,53,32,21,1
20‑Mar‑2023,Miami Masters,Hard,R64,11,58,(10)Sinnerd.Laslo Djere[SRB],6-4 6-2,(ch),1.45,6.0%,8.0%,58.0%,79.3%,42.9%,1/3,1:23,57.4%,52.3%,4.6%,34.5%,66.7%,5/10,115,3,4,50,29,21,3
6‑Mar‑2023,Indian Wells Masters,Hard,SF,13,2,(1)Carlos Alcaraz[ESP]d.(11)Sinner,7-6(4) 6-3,(ch),0.93,5.6%,5.6%,50.0%,77.8%,47.2%,4/6,1:52,48.6%,34.7%,6.9%,26.9%,55.0%,1/2,144,4,4,72,36,36,5
6‑Mar‑2023,Indian Wells Masters,Hard,QF,13,5,(11)Sinnerd.(4)Taylor Fritz[USA],6-4 4-6 6-4,,1.16,5.7%,1.1%,63.6%,80.4%,46.9%,1/3,2:17,52.2%,37.0%,4.3%,30.0%,45.2%,3/9,180,5,1,88,56,32,4
6‑Mar‑2023,Indian Wells Masters,Hard,R16,13,100,(11)Sinnerd.(PR)Stan Wawrinka[SUI],6-1 6-4,,1.41,7.8%,0.0%,48.4%,67.7%,60.6%,8/9,1:38,57.5%,50.8%,1.6%,41.2%,62.1%,4/14,127,5,0,64,31,33,1
6‑Mar‑2023,Indian Wells Masters,Hard,R32,13,68,(11)Sinnerd.Adrian Mannarino[FRA],7-6(7) 6-4,(ch),1.69,9.8%,6.6%,54.1%,81.8%,78.6%,0/0,1:47,54.9%,33.3%,1.4%,28.9%,38.2%,1/2,133,6,4,61,33,28,1
6‑Mar‑2023,Indian Wells Masters,Hard,R64,13,43,(11)Sinnerd.Richard Gasquet[FRA],6-3 7-6(2),(ch),1.44,13.6%,1.5%,53.0%,88.6%,54.8%,1/2,1:34,56.1%,39.4%,7.6%,23.7%,60.7%,2/4,132,9,1,66,35,31,5
20‑Feb‑2023,Marseille,Hard,R16,12,118,(WC)Arthur Fils[FRA]d.(2)Sinner,W/O,,,,,,,,,,,,,,,,,,,,,,
13‑Feb‑2023,Rotterdam,Hard,F,14,11,(6)Daniil Medvedev[RUS]d.Sinner,5-7 6-2 6-2,(ch),0.78,2.1%,1.0%,57.3%,61.8%,46.3%,7/12,2:29,45.6%,34.9%,4.7%,25.4%,55.6%,2/6,182,2,1,96,55,41,4
13‑Feb‑2023,Rotterdam,Hard,SF,14,61,Sinnerd.(WC)Tallon Griekspoor[NED],7-5 7-6(5),(ch),1.15,9.3%,1.3%,52.0%,82.1%,63.9%,0/0,1:56,52.0%,30.7%,5.3%,19.0%,45.5%,1/1,150,7,1,75,39,36,4
13‑Feb‑2023,Rotterdam,Hard,QF,14,130,Sinnerd.(PR)Stan Wawrinka[SUI],6-1 6-3,(ch),1.76,7.7%,0.0%,57.7%,73.3%,59.1%,4/5,1:12,63.0%,57.5%,5.0%,40.9%,77.8%,5/8,92,4,0,52,30,22,2
13‑Feb‑2023,Rotterdam,Hard,R16,14,3,Sinnerd.(1)Stefanos Tsitsipas[GRE],6-4 6-3,(ch),2.64,6.8%,2.3%,61.4%,88.9%,76.5%,0/0,1:21,59.4%,41.9%,1.6%,31.3%,53.3%,3/4,106,3,1,44,27,17,1
13‑Feb‑2023,Rotterdam,Hard,R32,14,48,Sinnerd.Benjamin Bonzi[FRA],6-2 3-6 6-1,,1.44,9.0%,0.0%,57.7%,77.8%,54.5%,2/3,2:04,55.6%,46.1%,7.8%,43.1%,51.4%,4/13,180,7,0,78,45,33,8
6‑Feb‑2023,Montpellier,Hard,F,17,51,(2)Sinnerd.Maxime Cressy[USA],7-6(3) 6-3,(ch),1.64,6.6%,1.6%,62.3%,86.8%,69.6%,3/3,1:36,56.1%,32.3%,16.1%,23.1%,47.8%,1/4,123,4,1,61,38,23,10
6‑Feb‑2023,Montpellier,Hard,SF,17,163,(2)Sinnerd.(WC)Arthur Fils[FRA],7-5 6-2,(ch),1.75,9.1%,1.8%,61.8%,82.4%,66.7%,2/2,1:34,56.8%,41.4%,8.6%,37.5%,50.0%,3/7,125,5,1,55,34,21,6
6‑Feb‑2023,Montpellier,Hard,QF,17,56,(2)Sinnerd.Lorenzo Sonego[ITA],6-4 6-2,,1.52,2.0%,3.9%,54.9%,64.3%,73.9%,2/3,1:35,57.1%,47.5%,4.9%,39.5%,66.7%,4/8,112,1,2,51,28,23,3
6‑Feb‑2023,Montpellier,Hard,R16,17,69,(2)Sinnerd.Marton Fucsovics[HUN],W/O,,,,,,,,,,,,,,,,,,,,,,
16‑Jan‑2023,Australian Open,Hard,R16,16,4,(3)Stefanos Tsitsipas[GRE]d.(15)Sinner,6-4 6-4 3-6 4-6 6-3,(ch),1.06,8.1%,2.2%,67.6%,71.7%,52.3%,6/11,4:00,49.5%,36.7%,7.1%,33.1%,45.8%,4/26,305,11,3,136,92,44,12
16‑Jan‑2023,Australian Open,Hard,R32,16,78,(15)Sinnerd.Marton Fucsovics[HUN],4-6 4-6 6-1 6-2 6-0,(ch),1.27,4.4%,3.7%,59.3%,71.3%,45.5%,7/12,3:33,55.7%,50.0%,2.5%,47.1%,57.6%,10/14,253,6,5,135,80,55,3
16‑Jan‑2023,Australian Open,Hard,R64,16,79,(15)Sinnerd.Tomas Martin Etcheverry[ARG],6-3 6-2 6-2,(ch),2.09,8.8%,4.4%,61.8%,88.1%,61.5%,0/0,1:44,62.4%,46.2%,9.2%,40.0%,56.0%,5/5,133,6,3,68,42,26,6
16‑Jan‑2023,Australian Open,Hard,R128,16,581,(15)Sinnerd.Kyle Edmund[GBR],6-4 6-0 6-2,(ch),1.71,7.3%,2.4%,65.9%,81.5%,42.9%,5/6,1:56,61.3%,54.3%,2.5%,46.7%,63.9%,7/10,163,6,2,82,54,28,2
2‑Jan‑2023,Adelaide 1,Hard,QF,15,33,Sebastian Korda[USA]d.(6)Sinner,7-5 6-1,(ch),0.64,15.1%,5.7%,64.2%,67.6%,31.6%,4/9,1:26,41.9%,28.8%,9.6%,16.7%,45.5%,1/4,105,8,3,53,34,19,5
2‑Jan‑2023,Adelaide 1,Hard,R16,15,93,(6)Sinnerd.(WC)Thanasi Kokkinakis[AUS],7-6(2) 6-4,(ch),1.08,6.4%,2.6%,74.4%,69.0%,60.0%,6/7,2:02,52.0%,36.1%,12.5%,26.7%,51.9%,2/3,150,5,2,78,58,20,9
2‑Jan‑2023,Adelaide 1,Hard,R32,15,582,(6)Sinnerd.(PR)Kyle Edmund[GBR],6-3 6-2,,3.76,12.2%,2.4%,61.0%,92.0%,81.3%,0/0,1:05,65.2%,45.8%,2.1%,28.6%,59.3%,3/4,89,5,1,41,25,16,1
31‑Oct‑2022,Paris Masters,Hard,R64,12,61,(Q)Marc Andrea Huesler[SUI]d.(11)Sinner,6-2 6-3,,0.57,4.0%,8.0%,42.0%,66.7%,44.8%,1/5,1:08,40.6%,26.1%,13.0%,24.1%,29.4%,0/3,96,2,4,50,21,29,6
24‑Oct‑2022,Vienna,Hard,QF,12,4,(1)Daniil Medvedev[RUS]d.(6)Sinner,6-4 6-2,(ch),0.61,6.5%,0.0%,53.2%,63.6%,48.3%,3/6,1:30,43.2%,26.5%,14.3%,18.9%,50.0%,0/0,111,4,0,62,33,29,7
24‑Oct‑2022,Vienna,Hard,R16,12,29,(6)Sinnerd.Francisco Cerundolo[ARG],7-5 6-3,,1.23,3.1%,0.0%,64.6%,64.3%,60.9%,2/4,1:29,55.1%,45.3%,5.7%,28.1%,71.4%,4/5,118,2,0,65,42,23,3
24‑Oct‑2022,Vienna,Hard,R32,12,86,(6)Sinnerd.Cristian Garin[CHI],6-3 6-2,(ch),2.77,20.9%,2.3%,60.5%,92.3%,70.6%,0/0,1:13,62.8%,45.1%,5.9%,42.4%,50.0%,3/7,94,9,1,43,26,17,3
26‑Sep‑2022,Sofia,Hard,SF,10,31,(5)Holger Rune[DEN]d.(1)Sinner,5-7 6-4 5-2 RET,(ch),1.07,13.8%,1.3%,67.5%,72.2%,53.8%,1/4,2:29,49.5%,36.3%,6.9%,24.2%,58.3%,1/6,182,11,1,80,54,26,7
26‑Sep‑2022,Sofia,Hard,QF,10,144,(1)Sinnerd.Aleksandar Vukic[AUS],6-2 6-3,,1.80,15.0%,8.3%,50.0%,83.3%,56.7%,6/7,1:20,62.7%,54.0%,4.0%,52.0%,56.0%,4/5,110,9,5,60,30,30,2
26‑Sep‑2022,Sofia,Hard,R16,10,93,(1)Sinnerd.Nuno Borges[POR],6-3 6-4,,1.23,16.4%,8.2%,59.0%,88.9%,44.0%,0/0,1:25,53.8%,36.2%,5.2%,37.5%,33.3%,2/4,119,10,5,61,36,25,3
18‑Sep‑2022,Davis Cup Finals RR: ITA vs SWE,Hard,RR,11,98,Mikael Ymer[SWE]d.Sinner,6-4 3-6 6-3,,,,,,,,,,,,,,,,,,,,,,
16‑Sep‑2022,Davis Cup Finals RR: ITA vs ARG,Hard,RR,11,27,Sinnerd.Francisco Cerundolo[ARG],7-5 1-6 6-3,,,,,,,,,,,,,,,,,,,,,,
29‑Aug‑2022,US Open,Hard,QF,13,4,(3)Carlos Alcaraz[ESP]d.(11)Sinner,6-3 6-7(7) 6-7(0) 7-5 6-3,(ch),0.86,3.8%,5.2%,54.9%,64.1%,44.8%,15/26,5:15,47.9%,38.5%,3.0%,37.3%,40.7%,7/16,382,8,11,213,117,96,5
29‑Aug‑2022,US Open,Hard,R16,13,73,(11)Sinnerd.Ilya Ivashka[BLR],6-1 5-7 6-2 4-6 6-3,(ch),1.24,3.7%,10.4%,46.3%,72.6%,48.6%,6/14,3:48,54.3%,50.0%,3.0%,39.2%,67.2%,12/26,300,5,14,134,62,72,5
29‑Aug‑2022,US Open,Hard,R32,13,69,(11)Sinnerd.Brandon Nakashima[USA],3-6 6-4 6-1 6-2,(ch),1.27,13.8%,3.4%,60.3%,74.3%,50.0%,6/8,2:59,54.7%,44.9%,2.5%,37.7%,55.1%,6/19,234,16,4,116,70,46,3
29‑Aug‑2022,US Open,Hard,R64,13,145,(11)Sinnerd.Christopher Eubanks[USA],6-4 7-6(8) 6-2,,1.64,13.6%,4.5%,54.5%,85.4%,62.5%,3/4,2:24,56.4%,41.1%,11.2%,32.4%,60.6%,4/12,195,12,4,88,48,40,12
29‑Aug‑2022,US Open,Hard,R128,13,93,(11)Sinnerd.Daniel Altmaier[GER],5-7 6-2 6-1 3-6 6-1,,1.60,13.2%,4.1%,57.0%,75.4%,67.3%,6/9,3:35,58.1%,44.9%,4.7%,38.0%,56.3%,7/15,248,16,5,121,69,52,6
15‑Aug‑2022,Cincinnati Masters,Hard,R16,12,9,(7)Felix Auger Aliassime[CAN]d.(10)Sinner,2-6 7-6(1) 6-1,(ch),0.87,4.3%,4.3%,55.9%,63.5%,56.1%,5/8,2:26,47.6%,34.8%,15.2%,20.7%,58.8%,3/8,185,4,4,93,52,41,14
15‑Aug‑2022,Cincinnati Masters,Hard,R32,12,36,(10)Sinnerd.Miomir Kecmanovic[SRB],7-5 3-1 RET,,1.67,12.5%,5.0%,55.0%,95.5%,44.4%,0/1,1:15,56.3%,46.0%,3.2%,46.2%,45.8%,3/12,103,5,2,40,22,18,2
15‑Aug‑2022,Cincinnati Masters,Hard,R64,12,75,(10)Sinnerd.(Q)Thanasi Kokkinakis[AUS],6-7(9) 6-4 7-6(6),,1.15,5.4%,2.7%,53.6%,76.7%,63.5%,5/6,3:14,51.3%,33.9%,10.5%,25.7%,44.4%,2/10,236,6,3,112,60,52,13
8‑Aug‑2022,Canada Masters,Hard,R16,12,23,Pablo Carreno Busta[ESP]d.(7)Sinner,6-2 6-4,(ch),0.63,9.3%,3.7%,50.0%,77.8%,44.4%,2/5,1:24,43.7%,24.5%,2.0%,21.9%,29.4%,0/0,103,5,2,54,27,27,1
8‑Aug‑2022,Canada Masters,Hard,R32,12,70,(7)Sinnerd.(Q)Adrian Mannarino[FRA],2-6 6-4 6-2,,0.98,16.5%,5.1%,53.2%,78.6%,48.6%,2/4,2:05,50.7%,34.8%,7.2%,28.9%,41.9%,3/3,148,13,4,79,42,37,5
25‑Jul‑2022,Umag,Clay,F,10,5,(2)Sinnerd.(1)Carlos Alcaraz[ESP],6-7(5) 6-1 6-1,(ch),1.36,6.5%,4.3%,57.6%,77.4%,61.5%,9/9,2:25,56.9%,40.0%,2.7%,38.0%,44.0%,5/9,167,6,4,92,53,39,2
25‑Jul‑2022,Umag,Clay,SF,10,136,(2)Sinnerd.(Q)Franco Agamenone[ITA],6-1 6-3,(ch),1.74,0.0%,2.3%,62.8%,77.8%,56.3%,2/3,1:26,59.6%,52.5%,0.0%,40.5%,70.8%,5/9,104,0,1,43,27,16,0
25‑Jul‑2022,Umag,Clay,QF,10,86,(2)Sinnerd.Roberto Carballes Baena[ESP],6-4 7-6(5),(ch),1.45,8.8%,2.9%,51.5%,82.9%,60.6%,0/1,2:18,55.1%,40.5%,1.3%,38.5%,44.4%,2/9,147,6,2,68,35,33,1
25‑Jul‑2022,Umag,Clay,R16,10,59,(2)Sinnerd.Jaume Munar[ESP],6-4 6-4,,1.25,1.5%,5.9%,52.9%,72.2%,50.0%,6/8,1:56,55.0%,47.6%,1.6%,31.3%,64.5%,4/8,131,1,4,68,36,32,1
27‑Jun‑2022,Wimbledon,Grass,QF,13,3,(1)Novak Djokovic[SRB]d.(10)Sinner,5-7 2-6 6-3 6-2 6-2,(ch),0.79,6.0%,5.2%,53.7%,69.4%,50.0%,9/15,3:35,46.2%,31.3%,6.3%,17.6%,58.1%,4/9,262,8,7,134,72,62,8
27‑Jun‑2022,Wimbledon,Grass,R16,13,7,(10)Sinnerd.(5)Carlos Alcaraz[ESP],6-1 6-4 6-7(8) 6-3,(ch),1.27,2.8%,3.5%,57.3%,74.4%,65.6%,7/7,3:35,55.3%,37.2%,7.4%,34.6%,42.5%,4/12,264,4,5,143,82,61,9
27‑Jun‑2022,Wimbledon,Grass,R32,13,24,(10)Sinnerd.(20)John Isner[USA],6-4 7-6(4) 6-3,,1.46,2.1%,3.2%,55.8%,81.1%,69.0%,0/0,2:20,55.2%,35.4%,24.2%,25.0%,58.1%,2/4,194,2,3,95,53,42,24
27‑Jun‑2022,Wimbledon,Grass,R64,13,88,(10)Sinnerd.Mikael Ymer[SWE],6-4 6-3 5-7 6-2,,1.47,3.8%,4.7%,59.4%,79.4%,55.8%,3/6,3:03,55.3%,44.3%,1.4%,43.3%,46.0%,6/19,246,4,5,106,63,43,2
27‑Jun‑2022,Wimbledon,Grass,R128,13,267,(10)Sinnerd.Stan Wawrinka[SUI],7-5 4-6 6-3 6-2,,1.34,7.8%,2.6%,63.8%,77.0%,59.5%,3/5,2:41,54.0%,39.4%,7.6%,29.7%,48.5%,5/15,248,9,3,116,74,42,10
20‑Jun‑2022,Eastbourne,Grass,R16,13,35,Tommy Paul[USA]d.(2)Sinner,6-3 3-6 6-3,(ch),1.02,6.6%,5.3%,48.7%,81.1%,59.0%,2/4,2:04,48.5%,30.8%,0.0%,18.9%,47.4%,1/6,167,5,4,76,37,39,0
23‑May‑2022,Roland Garros,Clay,R16,12,7,(7)Andrey Rublev[RUS]d.(11)Sinner,1-6 6-4 2-0 RET,,0.79,9.1%,4.5%,51.5%,70.6%,50.0%,3/5,,48.2%,31.3%,8.3%,16.7%,55.6%,2/2,114,6,3,66,34,32,4
23‑May‑2022,Roland Garros,Clay,R32,12,60,(11)Sinnerd.Mackenzie Mcdonald[USA],6-3 7-6(6) 6-3,,1.27,3.8%,1.9%,56.6%,75.0%,56.5%,7/8,,53.2%,42.0%,2.3%,39.2%,50.0%,3/12,237,4,2,106,60,46,3
23‑May‑2022,Roland Garros,Clay,R64,12,89,(11)Sinnerd.Roberto Carballes Baena[ESP],3-6 6-4 6-4 6-3,,1.12,8.5%,2.3%,58.9%,67.1%,52.8%,9/13,,51.8%,43.4%,1.4%,35.6%,56.4%,6/19,274,11,3,129,76,53,2
23‑May‑2022,Roland Garros,Clay,R128,12,186,(11)Sinnerd.(Q)Bjorn Fratangelo[USA],6-3 6-2 6-3,,1.67,7.8%,2.6%,61.0%,78.7%,63.3%,2/2,,58.2%,45.5%,2.3%,33.3%,64.7%,5/10,165,6,2,77,47,30,2
9‑May‑2022,Rome Masters,Clay,QF,13,5,(4)Stefanos Tsitsipas[GRE]d.(10)Sinner,7-6(5) 6-2,(ch),0.95,4.4%,2.9%,66.2%,73.3%,30.4%,3/6,2:27,47.2%,38.9%,10.5%,29.0%,57.6%,1/6,163,3,2,68,45,23,10
9‑May‑2022,Rome Masters,Clay,R16,13,54,(10)Sinnerd.Filip Krajinovic[SRB],6-2 7-6(6),,0.98,18.6%,2.9%,54.3%,81.6%,43.8%,1/2,1:41,51.2%,35.1%,8.8%,28.2%,50.0%,3/3,127,13,2,70,38,32,5
9‑May‑2022,Rome Masters,Clay,R32,13,56,(10)Sinnerd.Fabio Fognini[ITA],6-2 3-6 6-3,,1.23,2.8%,1.4%,46.5%,72.7%,55.3%,2/5,2:03,53.7%,44.9%,2.6%,36.1%,52.4%,5/9,149,2,1,71,33,38,2
9‑May‑2022,Rome Masters,Clay,R64,13,40,(10)Sinnerd.Pedro Martinez[ESP],6-4 6-3,(ch),1.31,7.0%,1.8%,61.4%,77.1%,54.5%,1/2,1:24,56.3%,41.3%,0.0%,36.4%,53.8%,3/5,103,4,1,57,35,22,0
2‑May‑2022,Madrid Masters,Clay,R16,12,10,(8)Felix Auger Aliassime[CAN]d.(10)Sinner,6-1 6-2,(ch),0.38,1.6%,1.6%,67.7%,47.6%,50.0%,4/8,1:19,36.9%,19.5%,12.2%,10.3%,41.7%,0/0,103,1,1,62,42,20,5
2‑May‑2022,Madrid Masters,Clay,R32,12,22,(10)Sinnerd.Alex De Minaur[AUS],6-4 6-1,(ch),1.50,2.0%,6.0%,60.0%,70.0%,55.0%,2/4,1:14,59.2%,54.2%,2.1%,46.9%,68.8%,5/7,98,1,3,50,30,20,1
2‑May‑2022,Madrid Masters,Clay,R64,12,35,(10)Sinnerd.Tommy Paul[USA],6-7(4) 7-6(4) 6-3,(ch),1.22,7.4%,2.8%,59.3%,71.9%,65.9%,2/4,3:00,52.4%,37.2%,0.8%,26.3%,55.6%,3/11,229,8,3,108,64,44,1
11‑Apr‑2022,Monte Carlo Masters,Clay,QF,12,3,(2)Alexander Zverev[GER]d.(9)Sinner,5-7 6-3 7-6(5),,0.91,3.0%,3.0%,55.0%,72.7%,37.8%,3/8,3:07,47.4%,38.9%,4.4%,31.3%,57.6%,5/12,213,3,3,100,55,45,5
11‑Apr‑2022,Monte Carlo Masters,Clay,R16,12,8,(9)Sinnerd.(5)Andrey Rublev[RUS],5-7 6-1 6-3,(ch),1.30,7.1%,2.4%,56.5%,70.8%,51.4%,6/10,2:20,55.1%,49.0%,0.0%,40.0%,65.7%,7/12,185,6,2,85,48,37,0
11‑Apr‑2022,Monte Carlo Masters,Clay,R32,12,81,(9)Sinnerd.(Q)Emil Ruusuvuori[FIN],7-5 6-3,(ch),1.03,3.9%,3.9%,53.9%,65.9%,48.6%,6/8,1:43,51.5%,43.3%,3.3%,35.6%,66.7%,5/10,136,3,3,76,41,35,2
11‑Apr‑2022,Monte Carlo Masters,Clay,R64,12,198,(9)Sinnerd.(PR)Borna Coric[CRO],6-3 2-6 6-3,(ch),1.22,5.6%,6.7%,55.6%,78.0%,50.0%,7/9,2:27,53.5%,42.1%,2.1%,41.5%,42.9%,3/9,185,5,6,90,50,40,2
21‑Mar‑2022,Miami Masters,Hard,QF,11,103,Francisco Cerundolo[ARG]d.(9)Sinner,4-1 RET,(ch),0.65,7.7%,0.0%,46.2%,66.7%,42.9%,0/1,0:22,39.4%,30.0%,15.0%,26.7%,40.0%,0/1,33,1,0,13,6,7,3
21‑Mar‑2022,Miami Masters,Hard,R16,11,102,(9)Sinnerd.(WC)Nick Kyrgios[AUS],7-6(3) 6-3,(ch),1.27,11.4%,5.7%,65.7%,82.6%,45.8%,2/2,1:39,53.9%,38.0%,9.9%,31.1%,50.0%,2/4,141,8,4,70,46,24,7
21‑Mar‑2022,Miami Masters,Hard,R32,11,19,(9)Sinnerd.(17)Pablo Carreno Busta[ESP],5-7 7-5 7-5,(ch),0.98,10.7%,0.7%,60.7%,67.1%,49.1%,13/17,3:11,51.7%,39.4%,3.2%,32.2%,51.4%,5/7,234,15,1,140,85,55,3
21‑Mar‑2022,Miami Masters,Hard,R64,11,71,(9)Sinnerd.Emil Ruusuvuori[FIN],6-4 3-6 7-6(8),(ch),0.95,3.0%,2.0%,62.4%,77.8%,39.5%,6/8,2:40,49.2%,34.7%,4.1%,31.8%,40.6%,2/4,199,3,2,101,63,38,4
7‑Mar‑2022,Indian Wells Masters,Hard,R16,10,132,(WC)Nick Kyrgios[AUS]d.(10)Sinner,W/O,,,,,,,,,,,,,,,,,,,,,,
7‑Mar‑2022,Indian Wells Masters,Hard,R32,10,62,(10)Sinnerd.Benjamin Bonzi[FRA],7-6(5) 3-6 6-4,,0.96,10.6%,0.9%,61.9%,71.4%,41.9%,6/10,2:37,49.5%,38.1%,4.8%,34.5%,42.0%,3/13,218,12,1,113,70,43,5
7‑Mar‑2022,Indian Wells Masters,Hard,R64,10,52,(10)Sinnerd.Laslo Djere[SRB],6-3 6-3,,1.50,3.6%,5.5%,45.5%,76.0%,63.3%,5/6,1:28,56.6%,46.3%,6.0%,38.1%,60.0%,4/9,122,2,3,55,25,30,4
4‑Mar‑2022,Davis Cup QLS R1: ITA vs SVK,Hard,RR,11,110,Sinnerd.Norbert Gombos[SVK],6-4 4-6 6-4,,1.04,11.0%,1.2%,72.0%,76.3%,47.8%,0/2,2:00,50.0%,33.0%,3.4%,28.1%,45.8%,3/6,170,9,1,82,59,23,3
4‑Mar‑2022,Davis Cup QLS R1: ITA vs SVK,Hard,RR,11,203,Sinnerd.Filip Horansky[SVK],7-5 6-4,,1.88,11.5%,0.0%,63.5%,81.8%,73.7%,0/1,1:31,56.7%,39.7%,4.4%,43.8%,30.0%,3/5,120,6,0,52,33,19,3
21‑Feb‑2022,Dubai,Hard,QF,10,11,(5)Hubert Hurkacz[POL]d.(4)Sinner,6-3 6-3,(ch),0.64,6.7%,1.7%,70.0%,71.4%,27.8%,5/8,1:24,44.0%,26.5%,12.2%,17.9%,38.1%,0/0,109,4,1,60,42,18,6
21‑Feb‑2022,Dubai,Hard,R16,10,89,(4)Sinnerd.(WC)Andy Murray[GBR],7-5 6-2,,1.51,7.0%,1.8%,70.2%,82.5%,41.2%,0/0,1:43,56.3%,45.1%,9.9%,21.2%,65.8%,3/10,128,4,1,57,40,17,7
21‑Feb‑2022,Dubai,Hard,R32,10,43,(4)Sinnerd.Alejandro Davidovich Fokina[ESP],4-6 7-6(6) 6-3,,1.26,5.4%,2.2%,63.4%,78.0%,58.8%,0/2,2:31,52.5%,36.7%,1.8%,35.4%,40.0%,2/8,202,5,2,93,59,34,2
17‑Jan‑2022,Australian Open,Hard,QF,10,4,(4)Stefanos Tsitsipas[GRE]d.(11)Sinner,6-3 6-4 6-2,(ch),0.77,6.1%,1.5%,63.6%,71.4%,54.2%,0/4,2:06,44.4%,26.9%,5.1%,20.8%,40.0%,0/0,144,4,1,66,42,24,4
17‑Jan‑2022,Australian Open,Hard,R16,10,42,(11)Sinnerd.(32)Alex De Minaur[AUS],7-6(3) 6-3 6-4,,1.22,8.1%,0.0%,62.2%,75.4%,61.9%,7/8,2:35,55.0%,36.3%,7.7%,26.7%,54.8%,3/6,202,9,0,111,69,42,7
17‑Jan‑2022,Australian Open,Hard,R32,10,120,(11)Sinnerd.(Q)Taro Daniel[JPN],6-4 1-6 6-3 6-1,,1.23,10.5%,2.1%,73.7%,74.3%,32.0%,2/6,2:41,53.7%,45.4%,10.2%,32.8%,61.7%,7/17,203,10,2,95,70,25,11
17‑Jan‑2022,Australian Open,Hard,R64,10,104,(11)Sinnerd.Steve Johnson[USA],6-2 6-4 6-3,(ch),1.90,15.5%,2.8%,63.4%,82.2%,69.2%,1/1,1:41,58.7%,42.9%,6.0%,29.8%,59.5%,5/8,155,11,2,71,45,26,5
17‑Jan‑2022,Australian Open,Hard,R128,10,140,(11)Sinnerd.(LL)Joao Sousa[POR],6-4 7-5 6-1,,1.54,3.4%,2.3%,64.8%,73.7%,58.1%,0/2,2:07,58.3%,48.9%,1.1%,45.6%,54.3%,6/11,180,3,2,88,57,31,1
3‑Jan‑2022,Atp Cup,Hard,RR,10,167,Sinnerd.Roman Safiullin[RUS],7-6(6) 6-3,(ch),1.02,12.2%,2.2%,61.1%,70.9%,48.6%,11/12,1:56,51.9%,38.6%,5.7%,32.6%,48.1%,2/5,160,11,2,90,55,35,4
3‑Jan‑2022,Atp Cup,Hard,RR,10,58,Sinnerd.Arthur Rinderknech[FRA],6-3 7-6(3),,1.59,4.9%,4.9%,57.4%,85.7%,61.5%,1/2,1:36,55.6%,39.2%,8.1%,25.5%,63.0%,2/6,135,3,3,61,35,26,6
3‑Jan‑2022,Atp Cup,Hard,RR,10,176,Sinnerd.Max Purcell[AUS],6-1 6-3,,2.25,14.6%,0.0%,73.2%,83.3%,54.5%,0/1,1:03,64.1%,54.9%,7.8%,32.1%,82.6%,5/10,92,6,0,41,30,11,4
29‑Nov‑2021,Davis Cup Finals QF: ITA vs CRO,Hard,RR,10,30,Sinnerd.Marin Cilic[CRO],3-6 7-6(4) 6-3,,1.19,3.3%,2.2%,62.6%,68.4%,52.9%,4/8,2:41,52.7%,44.5%,9.1%,36.4%,56.8%,5/7,201,3,2,91,57,34,10
27‑Nov‑2021,Davis Cup Finals RR: ITA vs COL,Hard,RR,10,111,Sinnerd.Daniel Elahi Galan[COL],7-5 6-0,(ch),1.58,2.0%,0.0%,49.0%,72.0%,57.7%,0/2,1:18,60.2%,55.8%,1.9%,64.5%,42.9%,6/7,103,1,0,51,25,26,1
26‑Nov‑2021,Davis Cup Finals RR: USA vs ITA,Hard,RR,10,24,Sinnerd.John Isner[USA],6-2 6-0,,3.90,2.9%,5.9%,70.6%,87.5%,80.0%,3/3,1:02,68.2%,57.4%,13.0%,42.4%,81.0%,5/9,88,1,2,34,24,10,7
15‑Nov‑2021,Tour Finals,Hard,RR,11,9,(9)Sinnerd.(7)Hubert Hurkacz[POL],6-2 6-2,(ch),1.41,7.2%,0.0%,56.5%,74.4%,50.0%,5/5,1:25,58.6%,51.1%,8.5%,41.9%,68.8%,4/6,116,5,0,69,39,30,4
15‑Nov‑2021,Tour Finals,Hard,RR,11,2,(2)Daniil Medvedev[RUS]d.(9)Sinner,6-0 6-7(5) 7-6(8),(ch),0.78,4.8%,1.9%,61.5%,71.9%,50.0%,6/11,2:29,46.1%,28.4%,17.6%,23.6%,40.0%,2/5,206,5,2,104,64,40,18
8‑Nov‑2021,Stockholm,Hard,R16,10,143,(WC)Andy Murray[GBR]d.(1)Sinner,7-6(4) 6-3,,0.78,8.0%,1.3%,48.0%,75.0%,51.3%,4/6,2:15,47.1%,29.2%,12.3%,28.1%,30.3%,0/1,140,6,1,75,36,39,8
1‑Nov‑2021,Paris Masters,Hard,R32,9,35,Carlos Alcaraz[ESP]d.(8)Sinner,7-6(1) 7-5,(ch),0.76,5.9%,2.4%,63.5%,61.1%,58.1%,9/11,2:07,45.7%,30.4%,3.8%,20.0%,44.1%,1/2,164,5,2,85,54,31,3
25‑Oct‑2021,Vienna,Hard,SF,11,49,(Q)Frances Tiafoe[USA]d.(7)Sinner,3-6 7-5 6-2,(ch),0.94,9.4%,3.5%,63.5%,68.5%,41.9%,5/9,2:18,47.8%,38.6%,6.9%,40.0%,36.1%,3/8,186,8,3,85,54,31,7
25‑Oct‑2021,Vienna,Hard,QF,11,8,(7)Sinnerd.(4)Casper Ruud[NOR],7-5 6-1,(ch),1.37,16.1%,0.0%,67.7%,76.2%,40.0%,4/5,1:37,56.3%,48.4%,3.1%,28.6%,63.9%,5/12,126,10,0,62,42,20,2
25‑Oct‑2021,Vienna,Hard,R16,11,116,(7)Sinnerd.(WC)Dennis Novak[AUT],6-4 6-2,,1.19,3.4%,5.1%,62.7%,75.7%,54.5%,6/6,1:16,54.7%,38.3%,6.4%,27.6%,55.6%,3/5,106,2,3,59,37,22,3
25‑Oct‑2021,Vienna,Hard,R32,11,27,(7)Sinnerd.Reilly Opelka[USA],6-4 6-2,(ch),2.80,2.4%,2.4%,69.0%,93.1%,69.2%,0/0,1:03,60.9%,40.0%,16.0%,36.6%,55.6%,3/4,92,1,1,42,29,13,8
18‑Oct‑2021,Antwerp,Hard,F,16,13,(1)Sinnerd.(2)Diego Schwartzman[ARG],6-2 6-2,(ch),2.33,18.2%,4.5%,52.3%,91.3%,61.9%,2/2,1:16,64.5%,53.1%,0.0%,51.9%,54.5%,4/7,93,8,2,44,23,21,0
18‑Oct‑2021,Antwerp,Hard,SF,16,32,(1)Sinnerd.(7)Lloyd Harris[RSA],6-2 6-2,,1.76,3.5%,0.0%,61.4%,77.1%,59.1%,3/3,1:26,61.0%,52.5%,3.3%,45.0%,66.7%,4/7,118,2,0,57,35,22,2
18‑Oct‑2021,Antwerp,Hard,QF,16,65,(1)Sinnerd.Arthur Rinderknech[FRA],6-4 6-2,(ch),2.01,8.9%,2.2%,64.4%,82.8%,68.8%,2/3,1:18,59.4%,44.6%,16.1%,18.8%,79.2%,4/9,101,4,1,45,29,16,9
18‑Oct‑2021,Antwerp,Hard,R16,16,69,(1)Sinnerd.Lorenzo Musetti[ITA],7-5 6-2,,1.87,3.8%,1.9%,47.2%,80.0%,75.0%,1/1,1:34,58.0%,42.4%,4.5%,39.6%,50.0%,3/7,119,2,1,53,25,28,3
4‑Oct‑2021,Indian Wells Masters,Hard,R16,14,39,(31)Taylor Fritz[USA]d.(10)Sinner,6-4 6-3,,0.83,0.0%,6.2%,50.8%,60.6%,34.4%,7/12,1:40,45.3%,43.2%,8.1%,41.9%,45.2%,3/8,139,0,4,65,33,32,6
4‑Oct‑2021,Indian Wells Masters,Hard,R32,14,23,(10)Sinnerd.(20)John Isner[USA],W/O,,,,,,,,,,,,,,,,,,,,,,
4‑Oct‑2021,Indian Wells Masters,Hard,R64,14,90,(10)Sinnerd.John Millman[AUS],6-2 6-2,,2.55,7.5%,2.5%,52.5%,85.7%,73.7%,0/0,1:14,63.7%,51.0%,2.0%,45.5%,61.1%,4/7,91,3,1,40,21,19,1
27‑Sep‑2021,Sofia,Hard,F,14,20,(1)Sinnerd.(2)Gael Monfils[FRA],6-3 6-4,(ch),1.50,3.7%,1.9%,50.0%,92.6%,63.0%,2/2,1:17,56.2%,33.3%,7.8%,20.0%,52.4%,2/4,105,2,1,54,27,27,4
27‑Sep‑2021,Sofia,Hard,SF,14,37,(1)Sinnerd.(5)Filip Krajinovic[SRB],6-3 7-5,,1.54,12.5%,1.8%,53.6%,76.7%,61.5%,1/3,1:46,56.4%,46.8%,2.6%,36.7%,64.3%,4/8,133,7,1,56,30,26,2
27‑Sep‑2021,Sofia,Hard,QF,14,56,(1)Sinnerd.James Duckworth[AUS],7-6(4) 6-4,,1.09,6.9%,4.6%,56.3%,75.5%,36.8%,2/5,1:54,52.5%,45.2%,4.1%,36.1%,54.1%,4/7,160,6,4,87,49,38,3
27‑Sep‑2021,Sofia,Hard,R16,14,112,(1)Sinnerd.(Q)Egor Gerasimov[BLR],6-2 7-6(3),,1.47,6.0%,3.0%,53.7%,80.6%,58.1%,7/8,1:41,57.3%,43.8%,3.1%,30.8%,64.0%,3/7,131,4,2,67,36,31,2
30‑Aug‑2021,US Open,Hard,R16,16,4,(4)Alexander Zverev[GER]d.(13)Sinner,6-4 6-4 7-6(7),(ch),0.89,4.7%,1.9%,60.4%,73.4%,50.0%,8/11,2:25,47.9%,31.8%,15.9%,27.4%,41.2%,1/7,213,5,2,106,64,42,17
30‑Aug‑2021,US Open,Hard,R32,16,20,(13)Sinnerd.(17)Gael Monfils[FRA],7-6(1) 6-2 4-6 4-6 6-4,(ch),1.12,3.0%,3.0%,56.0%,68.8%,54.8%,12/18,3:42,52.1%,41.8%,12.4%,27.0%,62.9%,7/14,336,5,5,166,93,73,21
30‑Aug‑2021,US Open,Hard,R64,16,716,(13)Sinnerd.(WC)Zachary Svajda[USA],6-3 7-6(2) 6-7(6) 6-4,,1.10,5.1%,1.9%,56.1%,78.4%,46.4%,7/10,3:34,52.5%,39.3%,5.0%,29.4%,54.5%,5/14,297,8,3,157,88,69,7
30‑Aug‑2021,US Open,Hard,R128,16,191,(13)Sinnerd.(WC)Max Purcell[AUS],6-4 6-2 4-6 6-2,,1.36,11.1%,3.7%,53.7%,75.9%,60.0%,5/7,2:33,54.7%,42.7%,9.7%,29.7%,56.7%,6/18,232,12,4,108,58,50,12
16‑Aug‑2021,Cincinnati Masters,Hard,R32,15,26,John Isner[USA]d.(11)Sinner,5-7 7-6(4) 6-4,,1.13,11.1%,2.0%,53.5%,84.9%,58.7%,3/4,2:35,50.7%,30.9%,10.9%,21.3%,56.7%,1/2,209,11,2,99,53,46,12
16‑Aug‑2021,Cincinnati Masters,Hard,R64,15,48,(11)Sinnerd.Federico Delbonis[ARG],6-2 7-5,,1.32,9.0%,0.0%,64.2%,74.4%,45.8%,4/6,1:38,55.4%,47.2%,1.4%,31.7%,67.7%,5/14,139,6,0,67,43,24,1
9‑Aug‑2021,Canada Masters,Hard,R32,15,85,(Q)James Duckworth[AUS]d.(16)Sinner,6-3 6-4,,0.69,5.0%,3.3%,63.3%,76.3%,40.9%,2/4,1:16,44.5%,25.4%,1.7%,22.2%,35.7%,0/2,119,3,2,60,38,22,1
2‑Aug‑2021,Washington,Hard,F,24,107,(5)Sinnerd.Mackenzie Mcdonald[USA],7-5 4-6 7-5,(ch),,,,,,,,,,,,,,,,,,,,,
2‑Aug‑2021,Washington,Hard,SF,24,130,(5)Sinnerd.(WC)Jenson Brooksby[USA],7-6(2) 6-1,(ch),1.86,10.5%,1.8%,52.6%,83.3%,70.4%,3/3,1:29,59.5%,42.4%,0.0%,40.0%,47.4%,2/3,116,6,1,57,30,27,0
2‑Aug‑2021,Washington,Hard,QF,24,81,(5)Sinnerd.Steve Johnson[USA],6-4 6-2,(ch),1.84,13.7%,2.0%,56.9%,93.1%,54.5%,3/3,1:11,59.6%,43.4%,3.8%,34.6%,51.9%,3/6,104,7,1,51,29,22,2
2‑Aug‑2021,Washington,Hard,R16,24,45,(5)Sinnerd.(12)Sebastian Korda[USA],7-6(3) 7-6(3),(ch),1.12,3.6%,6.0%,51.8%,72.1%,55.0%,2/5,1:56,52.5%,40.5%,2.5%,25.0%,70.4%,3/7,162,3,5,83,43,40,2
2‑Aug‑2021,Washington,Hard,R32,24,69,(5)Sinnerd.Emil Ruusuvuori[FIN],6-2 6-4,(ch),1.80,6.1%,0.0%,40.8%,85.0%,69.0%,0/0,1:18,58.3%,44.1%,3.4%,37.9%,50.0%,3/5,108,3,0,49,20,29,2
26‑Jul‑2021,Atlanta,Hard,R16,23,132,(Q)Christopher Oconnell[AUS]d.(2)Sinner,7-6(7) 6-4,,0.95,7.2%,2.9%,60.9%,81.0%,51.9%,0/1,1:37,48.6%,28.8%,12.3%,24.0%,39.1%,0/0,142,5,2,69,42,27,9
28‑Jun‑2021,Wimbledon,Grass,R128,23,48,Marton Fucsovics[HUN]d.(19)Sinner,5-7 6-3 7-5 6-3,,0.89,1.5%,3.8%,56.8%,65.3%,42.1%,10/19,3:04,47.2%,39.6%,4.3%,24.3%,56.9%,6/12,271,2,5,132,75,57,6
14‑Jun‑2021,Queen's Club,Grass,R32,23,309,(WC)Jack Draper[GBR]d.(3)Sinner,7-6(6) 7-6(2),,0.81,8.5%,4.3%,63.8%,70.0%,41.2%,3/6,1:58,47.4%,32.9%,13.9%,26.4%,46.2%,3/4,173,8,4,94,60,34,11
31‑May‑2021,Roland Garros,Clay,R16,19,3,(3)Rafael Nadal[ESP]d.(18)Sinner,7-5 6-3 6-0,(ch),0.59,0.0%,5.3%,65.8%,42.0%,38.5%,5/14,2:17,37.7%,34.9%,4.8%,18.8%,57.1%,4/7,159,0,4,76,50,26,4
31‑May‑2021,Roland Garros,Clay,R32,19,105,(18)Sinnerd.Mikael Ymer[SWE],6-1 7-5 6-3,,1.50,5.4%,3.3%,56.5%,80.8%,52.5%,10/11,2:22,57.1%,47.2%,0.0%,40.8%,60.0%,6/16,198,5,3,92,52,40,0
31‑May‑2021,Roland Garros,Clay,R64,19,87,(18)Sinnerd.Gianluca Mager[ITA],6-1 7-5 3-6 6-3,,1.53,8.2%,0.0%,60.8%,76.3%,71.1%,2/4,2:19,55.1%,39.3%,4.3%,34.3%,46.8%,5/11,214,8,0,97,59,38,5
31‑May‑2021,Roland Garros,Clay,R128,19,85,(18)Sinnerd.Pierre Hugues Herbert[FRA],6-1 4-6 6-7(4) 7-5 6-4,(ch),1.19,3.2%,2.6%,61.7%,68.4%,59.3%,8/12,3:32,53.4%,41.7%,8.6%,32.9%,51.4%,8/10,305,5,4,154,95,59,13
17‑May‑2021,Lyon,Clay,R16,17,125,(LL)Arthur Rinderknech[FRA]d.(6)Sinner,6-7(7) 6-2 7-5,,0.84,5.6%,1.9%,62.0%,67.2%,46.3%,7/13,2:34,47.1%,34.3%,9.8%,28.0%,51.9%,3/9,210,6,2,108,67,41,10
17‑May‑2021,Lyon,Clay,R32,17,25,(6)Sinnerd.Aslan Karatsev[RUS],0-6 6-3 6-4,,0.95,3.4%,2.2%,64.0%,57.9%,53.1%,9/13,2:33,48.6%,41.5%,3.2%,36.5%,47.6%,3/10,183,3,2,89,57,32,3
10‑May‑2021,Rome Masters,Clay,R32,18,3,(2)Rafael Nadal[ESP]d.Sinner,7-5 6-4,,0.79,1.3%,2.6%,53.8%,59.5%,44.4%,10/15,2:10,46.0%,37.7%,0.0%,30.0%,45.2%,3/4,139,1,2,78,42,36,0
10‑May‑2021,Rome Masters,Clay,R64,18,32,Sinnerd.Ugo Humbert[FRA],6-2 6-4,,1.45,0.0%,2.0%,59.2%,72.4%,60.0%,0/1,1:30,55.4%,47.2%,2.8%,47.2%,47.2%,4/14,121,0,1,49,29,20,2
3‑May‑2021,Madrid Masters,Clay,R32,18,76,(Q)Alexei Popyrin[AUS]d.(14)Sinner,7-6(5) 6-2,,0.85,0.0%,3.0%,56.7%,63.2%,41.4%,2/6,1:34,46.1%,39.2%,10.8%,25.0%,60.0%,2/5,141,0,2,67,38,29,8
3‑May‑2021,Madrid Masters,Clay,R64,18,55,(14)Sinnerd.Guido Pella[ARG],6-2 4-4 RET,,1.83,14.6%,2.4%,63.4%,80.8%,66.7%,0/1,1:04,59.1%,44.7%,2.1%,41.4%,50.0%,3/5,88,6,1,41,26,15,1
19‑Apr‑2021,Barcelona,Clay,SF,19,5,(2)Stefanos Tsitsipas[GRE]d.(11)Sinner,6-3 6-3,,0.73,1.9%,3.7%,51.9%,57.1%,57.7%,7/10,1:23,43.5%,31.1%,3.3%,28.3%,40.0%,0/4,115,1,2,54,28,26,2
19‑Apr‑2021,Barcelona,Clay,QF,19,7,(11)Sinnerd.(3)Andrey Rublev[RUS],6-2 7-6(6),(ch),1.20,5.8%,2.9%,59.4%,63.4%,60.7%,2/3,1:35,54.1%,45.3%,1.6%,34.4%,56.3%,3/7,133,4,2,69,41,28,1
19‑Apr‑2021,Barcelona,Clay,R16,19,11,(11)Sinnerd.(5)Roberto Bautista Agut[ESP],7-6(9) 6-2,,1.18,6.7%,0.0%,67.8%,68.9%,48.3%,5/7,1:56,54.8%,44.6%,1.5%,38.3%,61.1%,4/4,155,6,0,90,61,29,1
19‑Apr‑2021,Barcelona,Clay,R32,19,77,(11)Sinnerd.Egor Gerasimov[BLR],6-3 6-2,,1.58,10.2%,0.0%,65.3%,81.3%,52.9%,3/3,1:08,57.8%,45.3%,1.9%,36.0%,53.6%,4/6,102,5,0,49,32,17,1
12‑Apr‑2021,Monte Carlo Masters,Clay,R32,22,1,(1)Novak Djokovic[SRB]d.Sinner,6-4 6-2,,0.76,1.4%,4.1%,63.0%,47.8%,51.9%,5/10,1:34,44.6%,38.6%,0.0%,40.5%,35.0%,2/4,130,1,3,73,46,27,0
12‑Apr‑2021,Monte Carlo Masters,Clay,R64,22,46,Sinnerd.Albert Ramos[ESP],6-3 6-4,,1.36,7.1%,1.8%,58.9%,78.8%,52.2%,2/3,1:23,55.8%,43.9%,0.0%,42.9%,45.5%,3/6,113,4,1,56,33,23,0
22‑Mar‑2021,Miami Masters,Hard,F,31,37,(26)Hubert Hurkacz[POL]d.(21)Sinner,7-6(4) 6-4,(ch),0.86,1.3%,6.4%,60.3%,55.3%,48.4%,7/11,1:43,46.9%,40.6%,4.3%,30.6%,65.0%,3/3,147,1,5,78,47,31,3
22‑Mar‑2021,Miami Masters,Hard,SF,31,12,(21)Sinnerd.(7)Roberto Bautista Agut[ESP],5-7 6-4 6-4,(ch),1.06,5.0%,2.0%,65.0%,64.6%,57.1%,7/10,2:28,51.9%,40.4%,2.2%,36.7%,48.3%,4/8,189,5,2,100,65,35,2
22‑Mar‑2021,Miami Masters,Hard,QF,31,44,(21)Sinnerd.(32)Alexander Bublik[KAZ],7-6(5) 6-4,(ch),1.13,2.5%,3.7%,64.2%,63.5%,58.6%,7/9,1:40,52.1%,43.2%,8.0%,36.5%,52.8%,3/9,169,2,3,81,52,29,7
22‑Mar‑2021,Miami Masters,Hard,R16,31,83,(21)Sinnerd.Emil Ruusuvuori[FIN],6-3 6-2,(ch),1.34,7.5%,1.9%,73.6%,71.8%,50.0%,1/2,1:09,56.6%,45.7%,0.0%,46.4%,44.4%,4/4,99,4,1,53,39,14,0
22‑Mar‑2021,Miami Masters,Hard,R32,31,22,(21)Sinnerd.(14)Karen Khachanov[RUS],4-6 7-6(2) 6-4,,1.06,0.0%,3.6%,64.0%,70.4%,57.5%,7/10,2:50,50.7%,36.4%,2.5%,31.9%,42.9%,3/13,229,0,4,111,71,40,3
22‑Mar‑2021,Miami Masters,Hard,R64,31,162,(21)Sinnerd.(WC)Hugo Gaston[FRA],6-2 6-2,,1.60,6.4%,4.3%,57.4%,81.5%,60.0%,3/3,1:02,57.6%,44.2%,0.0%,33.3%,56.0%,4/7,99,3,2,47,27,20,0
15‑Mar‑2021,Dubai,Hard,QF,32,42,(WC)Aslan Karatsev[RUS]d.(16)Sinner,6-7(5) 6-3 6-2,(ch),0.74,9.2%,3.7%,56.9%,64.5%,51.1%,9/14,2:29,45.8%,30.4%,6.5%,21.0%,50.0%,2/6,201,10,4,109,62,47,6
15‑Mar‑2021,Dubai,Hard,R16,32,11,(16)Sinnerd.(4)Roberto Bautista Agut[ESP],6-4 3-6 7-5,,0.80,15.8%,3.0%,63.4%,78.1%,37.8%,5/7,2:24,48.1%,29.3%,6.1%,20.8%,44.8%,3/5,183,16,3,101,64,37,5
15‑Mar‑2021,Dubai,Hard,R32,32,43,(16)Sinnerd.Alexander Bublik[KAZ],2-6 7-6(2) 6-4,,1.17,2.4%,2.4%,60.7%,70.6%,78.8%,2/5,2:01,51.4%,30.8%,15.4%,12.5%,51.2%,2/4,175,2,2,84,51,33,14
8‑Mar‑2021,Marseille,Hard,QF,34,3,(1)Daniil Medvedev[RUS]d.(5)Sinner,6-2 6-4,(ch),0.61,3.6%,0.0%,60.7%,58.8%,54.5%,2/5,1:15,42.5%,26.0%,14.0%,20.0%,40.0%,0/1,106,2,0,56,34,22,7
8‑Mar‑2021,Marseille,Hard,R16,34,166,(5)Sinnerd.(WC)Hugo Gaston[FRA],6-4 6-1,,1.70,9.8%,2.0%,52.9%,88.9%,50.0%,4/5,1:08,60.8%,50.0%,4.3%,44.4%,57.9%,4/9,97,5,1,51,27,24,2
8‑Mar‑2021,Marseille,Hard,R32,34,115,(5)Sinnerd.Gregoire Barrere[FRA],7-6(3) 6-7(5) 7-5,,0.95,4.6%,0.8%,67.7%,63.6%,59.5%,10/13,2:51,50.0%,35.7%,9.8%,23.2%,55.8%,4/9,242,6,1,130,88,42,11
22‑Feb‑2021,Montpellier,Hard,R32,34,60,Aljaz Bedene[SLO]d.(5)Sinner,3-6 6-2 7-6(3),,1.17,5.8%,1.2%,62.8%,70.4%,62.5%,4/6,2:38,51.0%,38.0%,13.0%,26.8%,50.0%,1/3,194,5,1,86,54,32,14
8‑Feb‑2021,Australian Open,Hard,R128,32,12,(11)Denis Shapovalov[CAN]d.Sinner,3-6 6-3 6-2 4-6 6-4,(ch),0.96,2.8%,2.8%,70.3%,66.7%,55.8%,5/10,3:55,48.7%,35.0%,7.6%,25.3%,51.7%,3/20,302,4,4,145,102,43,12
1‑Feb‑2021,Great Ocean Road Open,Hard,F,36,71,(4)Sinnerd.Stefano Travaglia[ITA],7-6(4) 6-4,(ch),1.19,0.0%,1.2%,55.4%,56.5%,64.9%,7/10,2:08,53.4%,47.4%,2.1%,38.9%,58.5%,4/7,178,0,1,83,46,37,2
1‑Feb‑2021,Great Ocean Road Open,Hard,SF,36,20,(4)Sinnerd.(2)Karen Khachanov[RUS],7-6(4) 4-6 7-6(4),,1.08,7.9%,2.4%,61.1%,67.5%,53.1%,12/17,3:07,51.6%,41.1%,4.8%,40.3%,42.6%,4/12,250,10,3,126,77,49,6
1‑Feb‑2021,Great Ocean Road Open,Hard,QF,36,42,(4)Sinnerd.(7)Miomir Kecmanovic[SRB],7-6(10) 6-4,,1.10,13.2%,1.1%,62.6%,70.2%,50.0%,6/8,1:56,52.3%,41.2%,1.2%,37.5%,48.3%,3/8,176,12,1,91,57,34,1
1‑Feb‑2021,Great Ocean Road Open,Hard,R16,36,58,(4)Sinnerd.(13)Aljaz Bedene[SLO],7-6(6) 6-2,,1.25,13.2%,2.9%,64.7%,79.5%,58.3%,3/3,1:32,54.7%,35.0%,11.7%,25.7%,48.0%,2/2,128,9,2,68,44,24,7
1‑Feb‑2021,Great Ocean Road Open,Hard,R32,36,195,(4)Sinnerd.Aleksandar Vukic[AUS],6-2 6-4,,1.69,10.2%,0.0%,67.3%,75.8%,75.0%,0/0,1:06,57.8%,41.5%,7.5%,35.5%,50.0%,3/5,102,5,0,49,33,16,4
9‑Nov‑2020,Sofia,Hard,F,44,74,Sinnerd.Vasek Pospisil[CAN],6-4 3-6 7-6(3),(ch),0.97,4.3%,5.4%,65.2%,75.0%,56.3%,3/5,2:14,48.9%,30.6%,14.3%,21.0%,47.2%,2/5,190,4,5,92,60,32,14
9‑Nov‑2020,Sofia,Hard,SF,44,35,Sinnerd.(5)Adrian Mannarino[FRA],6-3 7-5,,1.01,12.7%,4.2%,50.7%,80.6%,54.3%,3/3,1:27,52.8%,32.7%,1.9%,28.9%,42.9%,2/2,123,9,3,71,36,35,1
9‑Nov‑2020,Sofia,Hard,QF,44,25,Sinnerd.(3)Alex De Minaur[AUS],6-7(3) 6-4 6-1,,1.30,4.5%,4.5%,60.7%,79.6%,48.6%,6/7,2:11,53.8%,42.5%,1.9%,33.3%,57.5%,5/9,195,4,4,89,54,35,2
9‑Nov‑2020,Sofia,Hard,R16,44,149,Sinnerd.(LL)Marc Andrea Huesler[SUI],6-3 6-4,,1.55,10.0%,1.7%,61.7%,86.5%,56.5%,2/2,1:18,56.6%,38.7%,14.5%,27.8%,53.8%,2/5,122,6,1,60,37,23,9
9‑Nov‑2020,Sofia,Hard,R32,44,55,Sinnerd.Marton Fucsovics[HUN],6-2 6-4,,1.32,3.4%,3.4%,55.2%,68.8%,50.0%,4/6,1:36,55.8%,52.5%,7.5%,44.4%,62.9%,5/18,138,2,2,58,32,26,6
26‑Oct‑2020,Vienna,Hard,R16,43,8,(5)Andrey Rublev[RUS]d.(WC)Sinner,2-1 RET,,0.00,0.0%,0.0%,72.7%,62.5%,33.3%,0/1,0:07,40.0%,0.0%,50.0%,0.0%,0.0%,0/0,15,0,0,11,8,3,2
26‑Oct‑2020,Vienna,Hard,R32,43,27,(WC)Sinnerd.Casper Ruud[NOR],7-6(2) 6-3,,1.37,8.2%,6.8%,56.2%,75.6%,62.5%,1/2,1:44,55.4%,41.3%,5.3%,34.7%,53.8%,2/7,148,6,5,73,41,32,4
19‑Oct‑2020,Cologne 2,Hard,SF,46,7,(1)Alexander Zverev[GER]d.(WC)Sinner,7-6(3) 6-3,,0.89,1.6%,8.2%,60.7%,62.2%,45.8%,3/7,1:48,46.4%,39.2%,8.9%,21.3%,65.6%,3/8,140,1,5,61,37,24,7
19‑Oct‑2020,Cologne 2,Hard,QF,46,58,(WC)Sinnerd.Gilles Simon[FRA],6-3 0-6 6-4,,1.05,1.0%,2.0%,65.3%,59.1%,48.6%,16/21,2:33,51.7%,46.8%,2.5%,40.5%,54.1%,4/5,180,1,2,101,66,35,2
19‑Oct‑2020,Cologne 2,Hard,R16,46,82,(WC)Sinnerd.(Q)Pierre Hugues Herbert[FRA],6-3 6-1,,1.43,3.8%,3.8%,69.2%,66.7%,43.8%,4/6,1:16,58.7%,57.7%,0.0%,41.4%,78.3%,6/8,104,2,2,52,36,16,0
19‑Oct‑2020,Cologne 2,Hard,R32,46,97,(WC)Sinnerd.(LL)James Duckworth[AUS],6-1 6-2,,2.14,0.0%,0.0%,68.1%,78.1%,60.0%,2/2,1:01,65.9%,59.1%,4.5%,47.6%,69.6%,5/7,91,0,0,47,32,15,2
28‑Sep‑2020,Roland Garros,Clay,QF,75,2,(2)Rafael Nadal[ESP]d.Sinner,7-6(4) 6-4 6-1,(ch),0.76,2.2%,3.2%,67.7%,57.1%,43.3%,2/8,2:49,44.2%,36.1%,0.0%,33.3%,41.2%,2/7,190,2,3,93,63,30,0
28‑Sep‑2020,Roland Garros,Clay,R16,75,7,Sinnerd.(6)Alexander Zverev[GER],6-3 6-3 4-6 6-3,(ch),1.07,2.1%,4.2%,56.6%,71.6%,53.2%,6/8,3:01,53.0%,38.9%,2.8%,28.2%,59.5%,5/6,251,3,6,143,81,62,3
28‑Sep‑2020,Roland Garros,Clay,R32,75,99,Sinnerd.Federico Coria[ARG],6-3 7-5 7-5,(ch),1.22,0.0%,2.0%,67.0%,64.2%,51.5%,5/9,2:30,54.0%,48.6%,1.8%,48.1%,50.0%,7/12,211,0,2,100,67,33,2
28‑Sep‑2020,Roland Garros,Clay,R64,75,227,Sinnerd.(Q)Benjamin Bonzi[FRA],6-2 6-4 6-4,(ch),1.33,3.2%,2.2%,67.7%,65.1%,63.3%,3/5,1:55,56.2%,47.1%,0.0%,41.7%,54.1%,6/13,178,3,2,93,63,30,0
28‑Sep‑2020,Roland Garros,Clay,R128,75,13,Sinnerd.(11)David Goffin[BEL],7-5 6-0 6-3,,1.56,2.5%,2.5%,67.5%,77.8%,46.2%,4/6,1:59,58.7%,50.6%,1.1%,41.2%,63.9%,7/11,167,2,2,80,54,26,1
14‑Sep‑2020,Rome Masters,Clay,R16,81,22,(15)Grigor Dimitrov[BUL]d.(WC)Sinner,4-6 6-4 6-4,,0.88,0.9%,3.8%,62.3%,66.7%,42.5%,9/13,2:24,48.4%,37.2%,0.0%,30.0%,47.2%,3/7,192,1,4,106,66,40,0
14‑Sep‑2020,Rome Masters,Clay,R32,81,6,(WC)Sinnerd.(3)Stefanos Tsitsipas[GRE],6-1 6-7(9) 6-2,(ch),1.57,1.2%,1.2%,67.9%,69.1%,69.2%,1/3,2:13,57.7%,48.5%,5.0%,46.7%,51.2%,7/14,182,1,1,81,55,26,5
14‑Sep‑2020,Rome Masters,Clay,R64,81,24,(WC)Sinnerd.Benoit Paire[FRA],6-2 6-1,,1.90,7.8%,0.0%,70.6%,72.2%,73.3%,4/4,1:04,62.6%,52.1%,8.3%,44.0%,60.9%,4/9,99,4,0,51,36,15,4
7‑Sep‑2020,Kitzbuhel,Clay,R16,74,81,(Q)Laslo Djere[SRB]d.(WC)Sinner,6-4 6-4,,0.63,1.6%,0.0%,49.2%,71.0%,46.9%,4/7,1:19,44.2%,26.0%,2.0%,9.1%,39.3%,1/1,113,1,0,63,31,32,1
7‑Sep‑2020,Kitzbuhel,Clay,R32,74,75,(WC)Sinnerd.(WC)Philipp Kohlschreiber[GER],6-3 6-2,,2.00,11.4%,0.0%,59.1%,84.6%,61.1%,1/2,1:07,61.7%,50.0%,2.0%,46.7%,55.0%,4/7,94,5,0,44,26,18,1
31‑Aug‑2020,US Open,Hard,R128,74,16,(11)Karen Khachanov[RUS]d.Sinner,3-6 6-7(7) 6-2 6-0 7-6(4),,0.76,6.3%,2.6%,56.5%,74.1%,44.6%,17/22,3:44,46.9%,29.6%,11.3%,22.2%,41.7%,1/7,350,12,5,191,108,83,18
24‑Aug‑2020,Cincinnati Masters,Hard,Q1,73,99,Salvatore Caruso[ITA]d.(14)Sinner,5-7 6-4 6-2,,0.84,2.3%,1.1%,49.4%,72.1%,36.4%,4/10,2:03,46.3%,38.6%,9.1%,25.0%,52.3%,4/9,175,2,1,87,43,44,8
2‑Mar‑2020,Indian Wells CH,Hard,R16,71,114,(11)Denis Kudla[USA]d.(6)Sinner,6-3 6-7(4) 6-2,,1.04,4.5%,1.1%,55.7%,71.4%,53.8%,2/7,2:18,49.0%,37.7%,6.1%,25.4%,52.9%,1/12,202,4,1,88,49,39,7
2‑Mar‑2020,Indian Wells CH,Hard,R32,71,978,(6)Sinnerd.(Q)Sem Verbeek[NED],6-0 6-1,,3.68,5.9%,0.0%,58.8%,90.0%,71.4%,0/0,0:45,73.2%,64.9%,2.7%,55.0%,76.5%,5/9,71,2,0,34,20,14,1
17‑Feb‑2020,Marseille,Hard,R16,68,5,(1)Daniil Medvedev[RUS]d.Sinner,1-6 6-1 6-2,(ch),0.56,1.5%,1.5%,61.2%,58.5%,46.2%,3/7,1:19,40.8%,25.9%,12.1%,20.7%,31.0%,2/2,125,1,1,67,41,26,7
17‑Feb‑2020,Marseille,Hard,R32,68,102,Sinnerd.(Q)Norbert Gombos[SVK],6-4 7-6(5),,1.10,10.7%,2.4%,54.8%,78.3%,52.6%,6/6,2:03,52.9%,36.6%,5.6%,34.2%,39.4%,1/3,155,9,2,84,46,38,4
10‑Feb‑2020,Rotterdam,Hard,QF,79,30,Pablo Carreno Busta[ESP]d.(WC)Sinner,7-5 3-6 7-6(6),,1.04,8.0%,0.9%,60.2%,79.4%,46.7%,5/7,2:44,50.2%,35.0%,5.0%,29.6%,46.2%,2/14,233,9,1,113,68,45,6
10‑Feb‑2020,Rotterdam,Hard,R16,79,10,(WC)Sinnerd.(4)David Goffin[BEL],7-6(7) 7-5,,1.28,6.1%,0.0%,64.6%,71.7%,55.2%,6/8,1:59,53.6%,43.6%,5.9%,39.0%,50.0%,3/8,183,5,0,82,53,29,6
10‑Feb‑2020,Rotterdam,Hard,R32,79,50,(WC)Sinnerd.Radu Albot[MDA],W/O,,,,,,,,,,,,,,,,,,,,,,
3‑Feb‑2020,Montpellier,Hard,R32,78,76,Mikael Ymer[SWE]d.Sinner,6-3 6-4,(ch),0.74,3.8%,5.8%,59.6%,71.0%,33.3%,2/6,1:25,43.6%,32.8%,5.2%,23.7%,50.0%,2/4,110,2,3,52,31,21,3
20‑Jan‑2020,Australian Open,Hard,R64,82,67,Marton Fucsovics[HUN]d.Sinner,6-4 6-4 6-3,(ch),0.81,0.0%,4.0%,54.5%,65.5%,37.0%,5/12,2:16,46.0%,38.6%,6.8%,30.9%,51.5%,3/4,189,0,4,101,55,46,6
20‑Jan‑2020,Australian Open,Hard,R128,82,216,Sinnerd.(Q)Max Purcell[AUS],7-6(2) 6-2 6-4,,1.39,2.2%,1.1%,58.2%,79.2%,52.6%,4/6,2:19,55.3%,44.3%,2.8%,40.8%,51.4%,5/9,197,2,1,91,53,38,3
13‑Jan‑2020,Auckland,Hard,R32,79,24,(5)Benoit Paire[FRA]d.(WC)Sinner,6-4 2-6 6-4,,0.98,5.3%,3.2%,66.0%,72.6%,37.5%,6/9,1:55,49.0%,38.7%,10.4%,30.3%,52.5%,3/13,200,5,3,94,62,32,11
6‑Jan‑2020,Bendigo CH,Hard,R32,78,121,Emil Ruusuvuori[FIN]d.(3)Sinner,6-3 6-4,,0.65,13.6%,5.1%,59.3%,71.4%,33.3%,2/5,1:01,42.6%,28.6%,14.3%,20.5%,47.1%,1/2,115,8,3,59,35,24,8
11‑Nov‑2019,Ortisei CH,Hard,F,96,173,(2)Sinnerd.(10)Sebastian Ofner[AUT],6-2 6-4,(ch),1.79,12.8%,4.3%,63.8%,83.3%,58.8%,1/2,1:06,57.3%,45.7%,10.0%,35.6%,64.0%,4/12,117,6,2,47,30,17,7
11‑Nov‑2019,Ortisei CH,Hard,SF,96,124,(2)Sinnerd.(6)Antoine Hoang[FRA],6-3 7-6(4),,1.47,6.3%,3.1%,50.0%,90.6%,65.6%,3/4,1:17,56.1%,32.2%,6.8%,24.4%,50.0%,2/2,123,4,2,64,32,32,4
11‑Nov‑2019,Ortisei CH,Hard,QF,96,153,(2)Sinnerd.(8)Federico Gaio[ITA],6-4 6-4,,1.47,16.1%,3.6%,51.8%,75.9%,66.7%,3/4,1:14,55.2%,42.0%,20.3%,26.5%,57.1%,3/7,125,9,2,56,29,27,14
11‑Nov‑2019,Ortisei CH,Hard,R16,96,183,(2)Sinnerd.(13)Roberto Marcora[ITA],6-3 6-4,,1.62,11.5%,7.7%,55.8%,86.2%,65.2%,0/0,1:02,55.9%,37.3%,11.9%,23.5%,56.0%,2/4,111,6,4,52,29,23,7
11‑Nov‑2019,Ortisei CH,Hard,R32,96,275,(2)Sinnerd.Lucas Miedler[AUT],7-6(5) 7-5,,1.49,19.5%,3.9%,67.5%,86.5%,52.0%,6/6,1:30,53.7%,36.7%,7.1%,35.9%,38.2%,1/8,175,15,3,77,52,25,7
5‑Nov‑2019,NextGen Finals,Hard,F,95,18,(8)Sinnerd.(1)Alex De Minaur[AUS],4-2 4-1 4-2,(ch),1.51,3.8%,1.9%,67.3%,74.3%,58.8%,9/9,1:04,59.1%,46.3%,4.9%,32.1%,76.9%,3/8,93,2,1,52,35,17,2
5‑Nov‑2019,NextGen Finals,Hard,SF,95,60,(8)Sinnerd.(5)Miomir Kecmanovic[SRB],2-4 4-1 4-2 4-2,(ch),1.18,7.7%,3.1%,55.4%,75.0%,65.5%,8/9,1:15,53.7%,34.5%,3.4%,30.0%,44.4%,3/8,123,5,2,65,36,29,2
5‑Nov‑2019,NextGen Finals,Hard,RR,95,47,(8)Sinnerd.(2)Frances Tiafoe[USA],3-4(4) 4-2 4-2 4-2,,1.13,19.7%,5.6%,62.0%,84.1%,51.9%,4/4,1:26,52.1%,31.9%,10.1%,21.3%,54.5%,3/5,140,14,4,71,44,27,7
5‑Nov‑2019,NextGen Finals,Hard,RR,95,55,(3)Ugo Humbert[FRA]d.(8)Sinner,4-3(5) 3-4(3) 4-2 4-2,,1.02,5.3%,0.0%,61.3%,78.3%,55.2%,1/4,1:43,50.0%,31.2%,14.3%,26.1%,38.7%,1/4,152,4,0,75,46,29,11
5‑Nov‑2019,NextGen Finals,Hard,RR,95,74,(8)Sinnerd.(6)Mikael Ymer[SWE],4-0 4-2 4-1,(ch),1.92,9.1%,4.5%,72.7%,84.4%,41.7%,5/5,0:56,62.5%,52.3%,4.5%,50.0%,57.1%,4/8,88,4,2,44,32,12,2
21‑Oct‑2019,Vienna,Hard,R16,101,14,(4)Gael Monfils[FRA]d.(WC)Sinner,6-3 7-6(8),(ch),0.90,5.6%,1.4%,56.3%,77.5%,51.6%,4/5,1:25,47.3%,30.4%,21.5%,16.7%,51.6%,0/3,150,4,1,71,40,31,17
21‑Oct‑2019,Vienna,Hard,R32,101,79,(WC)Sinnerd.(Q)Philipp Kohlschreiber[GER],6-3 6-4,(ch),1.24,9.5%,1.4%,59.5%,77.3%,46.7%,7/8,1:30,55.1%,43.5%,12.9%,30.6%,61.5%,3/9,136,7,1,74,44,30,8
14‑Oct‑2019,Antwerp,Hard,SF,119,18,(4)Stan Wawrinka[SUI]d.(WC)Sinner,6-3 6-2,(ch),0.54,2.0%,0.0%,58.0%,58.6%,42.9%,5/9,1:05,39.6%,26.1%,17.4%,19.2%,35.0%,1/2,96,1,0,50,29,21,8
14‑Oct‑2019,Antwerp,Hard,QF,119,53,(WC)Sinnerd.Frances Tiafoe[USA],6-4 3-6 6-3,(ch),1.10,12.5%,2.5%,63.7%,80.4%,51.7%,4/5,1:41,51.6%,32.9%,8.9%,28.3%,47.4%,2/5,159,10,2,80,51,29,7
14‑Oct‑2019,Antwerp,Hard,R16,119,13,(WC)Sinnerd.(1)Gael Monfils[FRA],6-3 6-2,(ch),2.09,4.5%,2.3%,47.7%,81.0%,73.9%,1/1,1:00,60.2%,47.5%,15.3%,44.4%,52.2%,4/10,103,2,1,44,21,23,9
14‑Oct‑2019,Antwerp,Hard,R32,119,91,(WC)Sinnerd.(Q)Kamil Majchrzak[POL],6-4 6-2,(ch),1.40,5.8%,0.0%,61.5%,68.8%,65.0%,0/1,1:09,55.9%,45.8%,6.8%,39.4%,53.8%,4/8,111,3,0,52,32,20,4
7‑Oct‑2019,Mouilleron-Le-Captif CH,Hard,SF,127,247,Mathias Bourgue[FRA]d.(14)Sinner,6-4 4-6 7-6(6),,1.24,8.0%,0.0%,66.7%,69.0%,69.0%,3/7,2:16,50.9%,38.6%,12.6%,29.3%,62.9%,4/23,214,7,0,87,58,29,16
7‑Oct‑2019,Mouilleron-Le-Captif CH,Hard,QF,127,90,(14)Sinnerd.(6)Marius Copil[ROU],3-6 6-1 6-4,,1.06,6.2%,3.1%,58.8%,68.4%,47.5%,5/8,1:51,52.0%,42.7%,18.3%,32.7%,57.6%,5/13,179,6,3,97,57,40,15
7‑Oct‑2019,Mouilleron-Le-Captif CH,Hard,R16,127,152,(14)Sinnerd.Lukas Rosol[CZE],6-7(3) 7-5 6-3,,1.14,9.8%,2.7%,65.2%,79.5%,46.2%,6/8,2:32,52.0%,36.8%,5.1%,35.3%,40.6%,4/15,229,11,3,112,73,39,6
7‑Oct‑2019,Mouilleron-Le-Captif CH,Hard,R32,127,221,(14)Sinnerd.Tristan Lamasine[FRA],7-5 6-1,,1.46,4.0%,2.7%,57.3%,69.8%,56.3%,6/7,1:31,59.0%,52.5%,1.7%,45.7%,62.5%,5/9,134,3,2,75,43,32,1
23‑Sep‑2019,Orleans CH,Hard,R16,128,64,(3)Aljaz Bedene[SLO]d.(15)Sinner,6-4 4-6 6-4,,0.90,8.2%,2.1%,59.8%,72.4%,56.4%,8/10,2:12,48.2%,30.6%,14.3%,21.9%,47.1%,1/9,195,8,2,97,58,39,14
23‑Sep‑2019,Orleans CH,Hard,R32,128,279,(15)Sinnerd.Lucas Miedler[AUT],7-6(1) 6-2,,1.46,13.2%,1.5%,67.6%,71.7%,54.5%,5/7,1:24,57.3%,49.3%,2.7%,40.4%,69.6%,4/8,143,9,1,68,46,22,2
16‑Sep‑2019,St. Petersburg,Hard,R32,127,57,(6)Mikhail Kukushkin[KAZ]d.(WC)Sinner,6-3 7-6(4),(ch),1.05,9.8%,3.3%,68.9%,71.4%,47.4%,2/5,1:39,49.0%,37.8%,1.2%,35.3%,41.9%,2/11,143,6,2,61,42,19,1
26‑Aug‑2019,US Open,Hard,R128,137,24,(23)Stan Wawrinka[SUI]d.(Q)Sinner,6-3 7-6(4) 4-6 6-3,(ch),0.93,1.6%,4.1%,59.8%,61.6%,61.2%,5/10,2:49,47.4%,35.8%,10.1%,28.3%,48.2%,4/14,270,2,5,122,73,49,15
26‑Aug‑2019,US Open,Hard,Q3,137,202,(24)Sinnerd.Mario Vilella Martinez[ESP],7-6(1) 6-0,,2.09,8.3%,6.3%,50.0%,95.8%,58.3%,0/1,1:12,59.8%,47.8%,7.2%,43.2%,53.1%,4/10,117,4,3,48,24,24,5
26‑Aug‑2019,US Open,Hard,Q2,137,224,(24)Sinnerd.Viktor Galovic[ITA],4-6 7-6(2) 7-5,,1.00,10.3%,6.3%,55.6%,78.6%,42.9%,9/12,2:49,50.2%,37.2%,10.7%,27.0%,53.2%,3/12,247,13,8,126,70,56,13
26‑Aug‑2019,US Open,Hard,Q1,137,240,(24)Sinnerd.Matteo Viola[ITA],6-1 6-0,,1.82,2.3%,9.1%,40.9%,72.2%,53.8%,1/2,0:47,65.4%,70.3%,0.0%,66.7%,80.0%,6/7,81,1,4,44,18,26,0
5‑Aug‑2019,Aptos CH,Hard,R32,135,121,(5)Bjorn Fratangelo[USA]d.Sinner,7-6(6) 6-3,,0.82,13.7%,5.5%,61.6%,60.0%,50.0%,4/7,1:27,46.4%,35.8%,4.5%,23.3%,58.3%,2/4,140,10,4,73,45,28,3
5‑Aug‑2019,Aptos CH,Hard,R64,135,788,Sinnerd.(LL)Sem Verbeek[NED],3-6 7-6(3) 6-2,,1.29,3.3%,2.2%,66.3%,72.1%,71.0%,5/6,1:52,53.4%,36.4%,4.0%,32.3%,43.2%,2/8,191,3,2,92,61,31,4
29‑Jul‑2019,Lexington CH,Hard,F,194,152,(3)Sinnerd.(2)Alex Bolt[AUS],6-4 3-6 6-4,,0.99,9.5%,5.3%,56.8%,72.2%,48.8%,4/7,2:00,49.7%,37.5%,12.5%,24.0%,52.2%,4/10,191,9,5,95,54,41,12
29‑Jul‑2019,Lexington CH,Hard,SF,194,268,(3)Sinnerd.(13)Jc Aragone[USA],6-2 6-4,,1.51,10.9%,7.3%,50.9%,89.3%,51.9%,2/2,1:09,57.1%,43.9%,5.3%,35.0%,64.7%,3/4,112,6,4,55,28,27,3
29‑Jul‑2019,Lexington CH,Hard,QF,194,203,(3)Sinnerd.(5)Duck Hee Lee[KOR],4-6 6-3 6-1,,1.20,5.6%,2.2%,55.6%,76.0%,40.0%,5/8,2:12,53.6%,48.1%,1.9%,39.0%,60.0%,6/13,194,5,2,90,50,40,2
29‑Jul‑2019,Lexington CH,Hard,R16,194,285,(3)Sinnerd.(16)Maxime Cressy[USA],6-4 6-7(10) 6-1,,1.27,9.7%,3.2%,58.1%,79.6%,59.0%,1/2,2:12,54.1%,37.0%,18.5%,22.6%,56.4%,4/10,185,9,3,93,54,39,17
29‑Jul‑2019,Lexington CH,Hard,R32,194,,(3)Sinnerd.(Alt)Alexey Zakharov[RUS],4-6 6-1 6-3,,1.34,7.7%,5.1%,48.7%,76.3%,57.5%,4/6,1:45,55.9%,44.6%,5.4%,23.7%,66.7%,5/11,152,6,4,78,38,40,4
22‑Jul‑2019,Binghamton CH,Hard,R16,199,195,(7)Mitchell Krueger[USA]d.(9)Sinner,7-5 1-6 6-3,,1.03,12.3%,4.1%,50.7%,83.8%,41.7%,1/5,1:53,50.0%,38.3%,14.8%,27.7%,52.9%,4/8,154,9,3,73,37,36,12
22‑Jul‑2019,Binghamton CH,Hard,R32,199,280,(9)Sinnerd.Tomas Barrios Vera[CHI],6-4 4-6 6-4,,1.30,15.7%,2.2%,61.8%,70.9%,58.8%,3/6,2:13,53.7%,44.0%,2.6%,40.0%,51.2%,4/17,205,14,2,89,55,34,3
15‑Jul‑2019,Umag,Clay,R16,209,87,Aljaz Bedene[SLO]d.(WC)Sinner,7-6(3) 6-3,,0.79,4.1%,1.4%,58.1%,62.8%,54.8%,2/5,1:47,45.6%,32.0%,9.3%,22.7%,45.2%,2/6,149,3,1,74,43,31,7
15‑Jul‑2019,Umag,Clay,R32,209,109,(WC)Sinnerd.Pedro Sousa[POR],1-6 6-3 6-4,,0.93,1.1%,4.6%,52.9%,73.9%,43.9%,3/7,1:43,49.4%,37.3%,5.3%,26.9%,60.9%,4/6,162,1,4,87,46,41,4
1‑Jul‑2019,Wimbledon,Grass,Q1,209,141,Alex Bolt[AUS]d.Sinner,2-6 7-5 12-10,,1.06,14.9%,5.2%,57.5%,77.9%,45.6%,6/9,2:36,50.4%,38.0%,11.3%,26.0%,59.3%,3/20,284,20,7,134,77,57,17
17‑Jun‑2019,Halle,Grass,Q1,209,71,(1)Joao Sousa[POR]d.(WC)Sinner,6-7(6) 6-3 6-4,,0.77,5.6%,3.2%,54.8%,64.7%,53.6%,12/16,2:19,46.7%,31.1%,2.9%,28.8%,35.1%,1/4,227,7,4,124,68,56,3
10‑Jun‑2019,s Hertogenbosch,Grass,R32,219,60,Nicolas Jarry[CHI]d.(Q)Sinner,7-6(4) 6-3,,0.84,1.7%,3.4%,60.3%,57.1%,65.2%,0/3,1:21,46.0%,33.3%,15.2%,27.9%,43.5%,2/3,124,1,2,58,35,23,10
10‑Jun‑2019,s Hertogenbosch,Grass,Q2,219,104,(Alt)Sinnerd.(2)Thomas Fabbiano[ITA],6-4 6-2,,1.32,8.3%,0.0%,68.3%,68.3%,52.6%,1/2,1:17,55.4%,48.6%,0.0%,46.2%,55.6%,4/13,130,5,0,60,41,19,0
10‑Jun‑2019,s Hertogenbosch,Grass,Q1,219,139,(Alt)Sinnerd.(7)Lukas Lacko[SVK],6-7(6) 7-6(5) 6-2,,1.24,11.8%,4.9%,55.9%,77.2%,53.3%,2/4,1:58,53.2%,41.2%,12.3%,28.4%,59.6%,4/8,216,12,5,102,57,45,14
20‑May‑2019,Lyon,Clay,R32,229,270,(LL)Tristan Lamasine[FRA]d.(Q)Sinner,6-0 7-6(5),,0.76,5.5%,3.6%,56.4%,45.2%,70.8%,3/7,1:17,43.8%,33.3%,1.5%,24.0%,62.5%,1/5,121,3,2,55,31,24,1
20‑May‑2019,Lyon,Clay,Q2,229,270,(WC)Sinnerd.Tristan Lamasine[FRA],6-4 6-3,,1.45,9.3%,3.7%,68.5%,81.1%,47.1%,3/4,1:17,55.6%,42.9%,3.2%,40.9%,47.4%,4/6,117,5,2,54,37,17,2
20‑May‑2019,Lyon,Clay,Q1,229,147,(WC)Sinnerd.(6)Antoine Hoang[FRA],6-4 5-7 6-1,,1.25,4.5%,4.5%,52.3%,73.9%,61.9%,4/5,2:04,53.2%,39.8%,5.1%,37.5%,44.1%,4/9,186,4,4,88,46,42,5
13‑May‑2019,Rome Masters,Clay,R32,263,7,(8)Stefanos Tsitsipas[GRE]d.(WC)Sinner,6-3 6-2,,0.66,2.1%,0.0%,58.3%,57.1%,35.0%,2/6,1:17,40.8%,34.5%,1.8%,35.3%,33.3%,1/3,103,1,0,48,28,20,1
13‑May‑2019,Rome Masters,Clay,R64,263,59,(WC)Sinnerd.Steve Johnson[USA],1-6 6-1 7-5,(ch),0.96,3.8%,3.8%,60.3%,70.2%,45.2%,1/4,1:51,49.0%,38.0%,6.3%,32.6%,45.5%,4/7,157,3,3,78,47,31,5
29‑Apr‑2019,Ostrava CH,Clay,F,298,129,(4)Kamil Majchrzak[POL]d.Sinner,6-1 6-0,(ch),0.63,0.0%,6.4%,51.1%,45.8%,26.1%,7/13,1:02,38.1%,40.0%,0.0%,28.6%,54.5%,1/4,97,0,3,47,24,23,0
29‑Apr‑2019,Ostrava CH,Clay,SF,298,284,Sinnerd.Steven Diez[CAN],6-4 4-6 6-2,,1.16,5.2%,2.1%,47.4%,65.2%,54.9%,7/10,2:08,53.4%,46.7%,2.2%,44.8%,52.0%,5/13,189,5,2,97,46,51,2
29‑Apr‑2019,Ostrava CH,Clay,QF,298,91,Sinnerd.(2)Jiri Vesely[CZE],6-4 7-6(4),,1.18,4.1%,4.1%,51.4%,60.5%,63.9%,4/6,1:36,53.4%,44.6%,4.1%,37.2%,54.8%,3/6,148,3,3,74,38,36,3
29‑Apr‑2019,Ostrava CH,Clay,R16,298,,Sinnerd.(WC)Jiri Lehecka[CZE],6-4 6-2,,1.28,5.9%,7.4%,55.9%,73.7%,40.0%,6/8,1:11,55.9%,52.5%,1.7%,28.1%,81.5%,5/11,127,4,5,68,38,30,1
29‑Apr‑2019,Ostrava CH,Clay,R32,298,181,Sinnerd.(9)Dominik Koepfer[GER],6-2 6-3,,1.52,3.8%,0.0%,52.8%,75.0%,48.0%,6/8,1:10,59.6%,57.4%,0.0%,57.5%,57.1%,6/10,114,2,0,53,28,25,0
29‑Apr‑2019,Ostrava CH,Clay,R64,298,219,Sinnerd.Attila Balazs[HUN],6-4 7-6(6),,1.20,0.0%,2.6%,51.9%,67.5%,48.6%,5/9,1:53,53.8%,50.0%,5.2%,44.4%,57.1%,5/13,173,0,2,77,40,37,5
22‑Apr‑2019,Budapest,Clay,R16,314,33,(5)Laslo Djere[SRB]d.(LL)Sinner,6-3 6-1,,0.74,1.4%,1.4%,54.3%,52.6%,50.0%,5/9,1:30,44.0%,35.9%,7.8%,29.7%,44.4%,0/4,134,1,1,70,38,32,5
22‑Apr‑2019,Budapest,Clay,R32,314,323,(LL)Sinnerd.(WC)Mate Valkusz[HUN],6-2 0-6 6-4,,0.98,1.5%,2.9%,52.9%,66.7%,31.3%,2/8,1:43,49.3%,48.8%,2.4%,50.0%,46.4%,6/15,150,1,2,68,36,32,2
22‑Apr‑2019,Budapest,Clay,Q2,314,109,(4)Yannick Maden[GER]d.(WC)Sinner,6-3 6-4,,0.83,3.5%,1.8%,47.4%,63.0%,46.7%,3/6,1:35,45.0%,37.8%,0.0%,31.9%,48.1%,1/7,131,2,1,57,27,30,0
22‑Apr‑2019,Budapest,Clay,Q1,314,139,(WC)Sinnerd.(7)Lukas Rosol[CZE],6-2 3-0 RET,,1.93,8.6%,2.9%,51.4%,83.3%,58.8%,1/1,0:42,62.7%,55.0%,0.0%,54.5%,55.6%,4/5,75,3,1,35,18,17,0
8‑Apr‑2019,Barletta CH,Clay,R32,316,180,(7)Andrea Arnaboldi[ITA]d.Sinner,7-5 6-3,,0.80,1.9%,3.7%,64.8%,60.0%,47.4%,2/6,1:24,44.8%,35.5%,1.6%,27.8%,46.2%,2/2,116,1,2,54,35,19,1
8‑Apr‑2019,Barletta CH,Clay,R64,316,243,Sinnerd.Gian Marco Moroni[ITA],0-6 6-4 6-1,,1.08,4.3%,1.4%,58.0%,62.5%,51.7%,2/6,2:02,51.0%,45.2%,1.2%,40.0%,55.2%,5/14,153,3,1,69,40,29,1
1‑Apr‑2019,Villena CH,Clay,R64,319,,(WC)Carlos Alcaraz[ESP]d.(WC)Sinner,6-2 3-6 6-3,(ch),0.86,2.4%,6.0%,54.2%,57.8%,36.8%,2/9,1:50,46.3%,44.3%,0.0%,46.3%,40.0%,5/8,162,2,5,83,45,38,0
25‑Mar‑2019,M25 Santa Margherita Di Pula,Clay,F,322,345,Sinnerd.(2)Andrea Pellegrino[ITA],6-1 6-1,,,,,,,,,,,,,,,,,,,,,,
25‑Mar‑2019,M25 Santa Margherita Di Pula,Clay,SF,322,445,Sinnerd.(5)Fabrizio Ornago[ITA],6-4 7-5,,,,,,,,,,,,,,,,,,,,,,
25‑Mar‑2019,M25 Santa Margherita Di Pula,Clay,QF,322,,Sinnerd.(IR  )Ronald Slobodchikov[RUS],7-6(1) 4-0 RET,,,,,,,,,,,,,,,,,,,,,,
25‑Mar‑2019,M25 Santa Margherita Di Pula,Clay,R16,322,619,Sinnerd.Laurent Lokoli[FRA],6-2 6-2,,,,,,,,,,,,,,,,,,,,,,
25‑Mar‑2019,M25 Santa Margherita Di Pula,Clay,R32,322,,Sinnerd.(Q)Florent Bax[FRA],6-7(4) 6-4 6-0,,,,,,,,,,,,,,,,,,,,,,
25‑Feb‑2019,M25 Trento,Hard,F,324,387,(WC)Sinnerd.(5)Jeremy Jahn[GER],6-3 6-4,,,,,,,,,,,,,,,,,,,,,,
25‑Feb‑2019,M25 Trento,Hard,SF,324,,(WC)Sinnerd.(IR  )Elmar Ejupovic[BIH],7-5 6-3,,,,,,,,,,,,,,,,,,,,,,
25‑Feb‑2019,M25 Trento,Hard,QF,324,445,(WC)Sinnerd.Antoine Cornut Chauvinc[FRA],6-0 7-6(6),,,,,,,,,,,,,,,,,,,,,,
25‑Feb‑2019,M25 Trento,Hard,R16,324,505,(WC)Sinnerd.Jules Okala[FRA],6-4 6-4,,,,,,,,,,,,,,,,,,,,,,
25‑Feb‑2019,M25 Trento,Hard,R32,324,432,(WC)Sinnerd.Albano Olivetti[FRA],7-6(7) 3-6 7-6(4),,,,,,,,,,,,,,,,,,,,,,
18‑Feb‑2019,Bergamo CH,Hard,F,546,250,(WC)Sinnerd.Roberto Marcora[ITA],6-3 6-1,(ch),1.58,6.1%,0.0%,55.1%,81.5%,54.5%,0/0,1:11,57.7%,48.4%,4.8%,50.0%,44.4%,4/9,111,3,0,49,27,22,3
18‑Feb‑2019,Bergamo CH,Hard,SF,546,301,(WC)Sinnerd.Tristan Lamasine[FRA],6-2 6-3,,1.69,6.5%,2.2%,45.7%,76.2%,56.0%,3/5,1:11,61.5%,58.6%,1.7%,51.4%,69.6%,6/8,104,3,1,46,21,25,1
18‑Feb‑2019,Bergamo CH,Hard,QF,546,151,(WC)Sinnerd.(4)Gianluigi Quinzi[ITA],6-2 6-3,(ch),1.70,8.0%,4.0%,52.0%,80.8%,50.0%,1/3,1:12,61.8%,57.7%,0.0%,51.9%,64.0%,5/10,102,4,2,50,26,24,0
18‑Feb‑2019,Bergamo CH,Hard,R16,546,224,(WC)Sinnerd.Viktor Galovic[ITA],7-5 1-6 6-4,,1.04,2.7%,2.7%,52.0%,69.2%,47.2%,5/10,1:54,50.3%,43.2%,4.5%,30.0%,60.5%,5/11,163,2,2,75,39,36,4
18‑Feb‑2019,Bergamo CH,Hard,R32,546,172,(WC)Sinnerd.(9)Salvatore Caruso[ITA],6-2 2-6 6-2,,1.19,8.8%,6.3%,60.0%,72.9%,43.8%,2/5,2:09,52.8%,46.0%,3.0%,35.1%,60.5%,5/21,180,7,5,80,48,32,3
18‑Feb‑2019,Bergamo CH,Hard,R64,546,277,(WC)Sinnerd.Lucas Miedler[AUT],7-6(3) 6-1,,1.64,12.7%,0.0%,58.7%,75.7%,73.1%,1/1,1:20,58.5%,41.7%,5.0%,37.8%,47.8%,2/5,123,8,0,63,37,26,3
11‑Feb‑2019,M25 Aktobe,Hard,SF,549,,Niels Lootsma[NED]d.Sinner,3-6 6-3 7-5,,,,,,,,,,,,,,,,,,,,,,
11‑Feb‑2019,M25 Aktobe,Hard,QF,549,,Sinnerd.(Q)Timur Kiyamov[RUS],6-4 2-6 6-3,,,,,,,,,,,,,,,,,,,,,,
11‑Feb‑2019,M25 Aktobe,Hard,R16,549,546,Sinnerd.Artem Dubrivnyy[RUS],6-1 6-3,,,,,,,,,,,,,,,,,,,,,,
11‑Feb‑2019,M25 Aktobe,Hard,R32,549,,Sinnerd.(Q)Aliaksandr Liaonenka[BLR],6-2 6-2,,,,,,,,,,,,,,,,,,,,,,
28‑Jan‑2019,M15 Monastir,Hard,R16,550,492,(6)Evan Hoyt[GBR]d.Sinner,6-3 6-4,,,,,,,,,,,,,,,,,,,,,,
28‑Jan‑2019,M15 Monastir,Hard,R32,550,,Sinnerd.Luke Johnson[GBR],3-6 6-3 7-5,,,,,,,,,,,,,,,,,,,,,,
21‑Jan‑2019,M15 Monastir,Hard,R32,549,,(Q)Luis Faria[BRA]d.Sinner,6-3 2-6 6-4,,,,,,,,,,,,,,,,,,,,,,
19‑Nov‑2018,Andria CH,Hard,R32,762,887,(Q)Illya Marchenko[UKR]d.(WC)Sinner,4-6 6-2 6-4,,0.72,4.5%,4.5%,48.9%,72.1%,44.4%,6/10,1:54,44.4%,30.1%,4.8%,25.0%,37.1%,2/7,171,4,4,88,43,45,4
22‑Oct‑2018,Tunisia F37,Hard,QF,785,556,(2)Aziz Dougaz[TUN]d.Sinner,W/O,,,,,,,,,,,,,,,,,,,,,,
22‑Oct‑2018,Tunisia F37,Hard,R16,785,812,Sinnerd.David Pichler[AUT],6-1 6-2,,,,,,,,,,,,,,,,,,,,,,
22‑Oct‑2018,Tunisia F37,Hard,R32,785,990,Sinnerd.Skander Mansouri[TUN],2-6 6-4 6-2,,,,,,,,,,,,,,,,,,,,,,
8‑Oct‑2018,Ortisei CH,Hard,R16,870,156,Constant Lestienne[FRA]d.(WC)Sinner,6-7(6) 7-5 7-5,,0.60,9.3%,3.1%,58.9%,72.4%,56.6%,7/9,2:13,46.5%,20.6%,9.3%,17.7%,25.7%,0/0,226,12,4,129,76,53,9
8‑Oct‑2018,Ortisei CH,Hard,R32,870,647,(WC)Sinnerd.(WC)Luca Giacomini[ITA],7-6(4) 6-1,,1.95,15.1%,1.9%,66.0%,88.6%,55.6%,1/2,1:02,61.0%,44.2%,1.9%,26.5%,77.8%,3/5,105,8,1,53,35,18,1
17‑Sep‑2018,Biella CH,Clay,Q1,879,398,(8)Oscar Jose Gutierrez[BRA]d.(WC)Sinner,4-6 6-4 7-6(5),,0.99,2.7%,5.3%,59.3%,62.7%,39.1%,11/18,2:31,49.8%,46.4%,1.8%,40.8%,56.1%,7/18,225,3,6,113,67,46,2
10‑Sep‑2018,Italy F27,Clay,R16,882,431,Samuel Bensoussan[FRA]d.Sinner,3-6 7-6(6) 6-0,,,,,,,,,,,,,,,,,,,,,,
10‑Sep‑2018,Italy F27,Clay,R32,882,,Sinnerd.(Q)Demian Raab[GER],6-3 6-3,,,,,,,,,,,,,,,,,,,,,,
3‑Sep‑2018,Genova CH,Clay,Q1,891,327,(5)Juan Pablo Varillas[PER]d.(WC)Sinner,6-1 6-3,,0.68,1.9%,7.7%,46.2%,41.7%,35.7%,3/9,1:19,40.2%,41.5%,6.2%,39.5%,44.4%,2/7,117,1,4,52,24,28,4
27‑Aug‑2018,Como CH,Clay,R32,891,157,Andrej Martin[SVK]d.(WC)Sinner,6-3 6-2,,0.62,0.0%,6.6%,52.5%,53.1%,41.4%,3/9,1:10,41.6%,32.5%,0.0%,32.1%,33.3%,2/2,101,0,4,61,32,29,0
20‑Aug‑2018,Italy F24,Clay,R16,1115,471,(2)Alessandro Petrone[ITA]d.Sinner,5-7 6-3 6-1,,,,,,,,,,,,,,,,,,,,,,
20‑Aug‑2018,Italy F24,Clay,R32,1115,,Sinnerd.(WC)Andrea Gola[ITA],4-6 6-4 6-4,,,,,,,,,,,,,,,,,,,,,,
13‑Aug‑2018,Italy F23,Clay,F,1159,397,Peter Heller[GER]d.Sinner,6-1 6-3,,,,,,,,,,,,,,,,,,,,,,
13‑Aug‑2018,Italy F23,Clay,SF,1159,1045,Sinnerd.Alessandro Ceppellini[ITA],6-7(4) 6-4 6-4,,,,,,,,,,,,,,,,,,,,,,
13‑Aug‑2018,Italy F23,Clay,QF,1159,1392,Sinnerd.(PR)Joy Vigani[ITA],7-6(3) 6-2,,,,,,,,,,,,,,,,,,,,,,
13‑Aug‑2018,Italy F23,Clay,R16,1159,767,Sinnerd.(3)Lorenzo Frigerio[ITA],7-5 6-4,,,,,,,,,,,,,,,,,,,,,,
13‑Aug‑2018,Italy F23,Clay,R32,1159,1499,Sinnerd.(Q)Gianluca Acquaroli[ITA],6-1 6-2,,,,,,,,,,,,,,,,,,,,,,
6‑Aug‑2018,Italy F22,Clay,R16,1161,431,(7)Juan Pablo Ficovich[ARG]d.(Q)Sinner,6-3 6-3,,,,,,,,,,,,,,,,,,,,,,
6‑Aug‑2018,Italy F22,Clay,R32,1161,,(Q)Sinnerd.Giacomo Dambrosi[ITA],6-3 6-7(5) 6-4,,,,,,,,,,,,,,,,,,,,,,
25‑Jun‑2018,Milan CH,Clay,Q1,1169,389,Jordi Samper Montana[ESP]d.(WC)Sinner,6-3 6-4,,0.75,1.9%,11.1%,53.7%,58.6%,36.0%,1/6,1:27,43.2%,39.1%,0.0%,19.4%,64.3%,3/4,118,1,6,54,29,25,0
28‑May‑2018,Italy F12,Clay,R16,1197,558,Maxime Tabatruong[FRA]d.Sinner,6-2 6-4,,,,,,,,,,,,,,,,,,,,,,
28‑May‑2018,Italy F12,Clay,R32,1197,1087,Sinnerd.Federico Iannaccone[ITA],6-4 6-0,,,,,,,,,,,,,,,,,,,,,,
14‑May‑2018,Italy F10,Clay,QF,1480,671,Giovanni Fonio[ITA]d.(WC)Sinner,6-3 6-3,,,,,,,,,,,,,,,,,,,,,,
14‑May‑2018,Italy F10,Clay,R16,1480,,(WC)Sinnerd.Filippo Moroni[ITA],7-6(2) 6-3,,,,,,,,,,,,,,,,,,,,,,
14‑May‑2018,Italy F10,Clay,R32,1480,761,(WC)Sinnerd.Jacopo Stefanini[ITA],6-3 6-1,,,,,,,,,,,,,,,,,,,,,,
7‑May‑2018,Poland F2,Clay,R16,1476,440,(2)Pawel Cias[POL]d.Sinner,4-6 6-2 6-4,,,,,,,,,,,,,,,,,,,,,,
7‑May‑2018,Poland F2,Clay,R32,1476,759,Sinnerd.Timur Kiuamov[RUS],7-6(6) 6-4,,,,,,,,,,,,,,,,,,,,,,
26‑Mar‑2018,Greece F5,Hard,R16,1592,402,(2)Yaraslau Shyla[BLR]d.(Q)Sinner,6-4 6-4,,,,,,,,,,,,,,,,,,,,,,
26‑Mar‑2018,Greece F5,Hard,R32,1592,1211,(Q)Sinnerd.Mateo Nicolas Martinez[ARG],6-4 6-2,,,,,,,,,,,,,,,,,,,,,,
19‑Mar‑2018,Greece F4,Hard,R32,1592,585,(8)Rudolf Molleker[GER]d.Sinner,6-4 7-5,,,,,,,,,,,,,,,,,,,,,,
12‑Mar‑2018,Greece F3,Hard,R32,1583,789,Guy Den Heijer[NED]d.Sinner,6-3 7-6(6),,,,,,,,,,,,,,,,,,,,,,
29‑Jan‑2018,Egypt F3,Hard,R16,,445,(7)Johan Sebastien Tatlot[FRA]d.Sinner,6-3 6-4,,,,,,,,,,,,,,,,,,,,,,
29‑Jan‑2018,Egypt F3,Hard,R32,,756,Sinnerd.(Q)Aryan Goveas[IND],6-4 6-4,,,,,,,,,,,,,,,,,,,,,,
